name_fasta,antibacterial,antiviral,antifungal,AMP
P80168,0.646,0.379,0.243,1
P17228,0.232,0.46,0.315,0
P0C2A3,0.097,0.08,0.109,0
P34451,0.358,0.286,0.564,1
DRAMP00493,0.939,0.695,0.967,1
Q9W1C9,0.98,0.939,0.962,1
Q8TGU8,0.18,0.353,0.209,0
AP01844,0.943,0.658,0.951,1
DRAMP00666,0.991,0.94,0.974,1
A0A023FF81,0.824,0.77,0.468,1
DRAMP04685,0.01,0.062,0.003,0
DRAMP00686,0.883,0.71,0.938,1
DRAMP20822,0.822,0.87,0.886,1
AMPEP359,0.433,0.35,0.268,0
P84473,0.194,0.057,0.138,0
Q91185,0.922,0.731,0.768,1
Q06838,0.684,0.576,0.438,1
P59905,0.078,0.607,0.286,1
P76510,0.93,0.932,0.969,1
AP01400,0.041,0.098,0.061,0
P86069,0.088,0.234,0.069,0
DRAMP18345,0.983,0.938,0.934,1
DRAMP04185,0.903,0.352,0.488,1
AP02222,0.669,0.371,0.897,1
AP00973,0.918,0.601,0.92,1
P85064,0.794,0.432,0.454,1
Q1KVW0,0.043,0.088,0.068,0
AMPEP347,0.939,0.922,0.959,1
P73890,0.031,0.695,0.051,1
AP01374,0.966,0.939,0.92,1
P11760,0.223,0.271,0.285,0
P68117,0.114,0.194,0.216,0
AMPEP744,0.937,0.904,0.584,1
DRAMP01647,0.959,0.821,0.888,1
DRAMP21066,0.974,0.963,0.969,1
Q06SC8,0.368,0.209,0.11,0
DRAMP01972,0.819,0.532,0.865,1
C1P606,0.159,0.139,0.049,0
DRAMP20829,0.993,0.885,0.989,1
P17364,0.957,0.745,0.893,1
P83065,0.073,0.661,0.294,1
AP02200,0.659,0.637,0.663,1
Q52093,0.834,0.177,0.636,1
DRAMP21197,0.891,0.851,0.928,1
P85947,0.047,0.083,0.036,0
AP03094,0.825,0.884,0.655,1
P06461,0.456,0.451,0.5,0
Q9XJS7,0.071,0.238,0.027,0
Q9UHT4,0.338,0.557,0.343,1
AP02208,0.828,0.754,0.492,1
DRAMP00846,0.994,0.948,0.916,1
P86157,0.574,0.514,0.719,1
AP02560,0.985,0.878,0.979,1
P85784,0.075,0.066,0.061,0
P81735,0.124,0.054,0.145,0
P54343,0.081,0.351,0.078,0
DRAMP01893,0.974,0.837,0.994,1
DRAMP00900,0.99,0.959,0.907,1
C0HJA5,0.175,0.112,0.105,0
AP00654,0.985,0.655,0.98,1
AP02460,0.778,0.389,0.88,1
AMPEP221,0.975,0.897,0.987,1
O80446,0.407,0.285,0.241,0
AMPEP18,0.823,0.17,0.604,1
AP01353,0.963,0.644,0.775,1
AP03108,0.997,0.968,0.981,1
DRAMP03827,0.984,0.819,0.964,1
AP00792,0.961,0.907,0.944,1
Q3AUY3,0.005,0.119,0.008,0
P86510,0.102,0.647,0.118,1
P82150,0.254,0.215,0.451,0
DRAMP00522,0.746,0.838,0.684,1
AMPEP12,0.986,0.894,0.991,1
AP00916,0.998,0.968,0.993,1
P44256,0.012,0.346,0.074,0
O28137,0.174,0.335,0.099,0
AP01771,0.968,0.764,0.993,1
Q573F6,0.015,0.659,0.026,1
DRAMP04081,0.938,0.897,0.937,1
DRAMP01992,0.712,0.448,0.857,1
P36934,0.931,0.939,0.949,1
Q8NS16,0.217,0.4,0.414,0
P85684,0.163,0.143,0.089,0
Q9XG80,0.983,0.89,0.983,1
Q59008,0.991,0.906,0.976,1
AMPEP121,0.997,0.967,0.989,1
AMPEP272,0.979,0.895,0.948,1
P39245,0.16,0.336,0.055,0
P28374,0.066,0.187,0.074,0
P81343,0.792,0.844,0.793,1
DRAMP01451,0.027,0.284,0.029,0
P83246,0.016,0.092,0.055,0
P80487,0.03,0.018,0.021,0
P86001,0.223,0.5,0.094,0
Q9PS30,0.426,0.215,0.119,0
P84779,0.96,0.804,0.914,1
C0HJA7,0.021,0.082,0.006,0
AP00781,0.971,0.741,0.956,1
Q5TC04,0.068,0.547,0.168,1
Q030J7,0.671,0.571,0.415,1
P85382,0.024,0.214,0.027,0
AP00199,0.994,0.77,0.948,1
P80796,0.521,0.088,0.181,1
P85169,0.128,0.087,0.136,0
DRAMP04449,0.982,0.936,0.94,1
AP00502,0.991,0.93,0.974,1
B3GLJ2,0.96,0.896,0.937,1
Q9LXI8,0.151,0.623,0.205,1
Q1RHN9,0.419,0.843,0.359,1
A4F7G0,0.973,0.936,0.964,1
P85462,0.11,0.219,0.167,0
DRAMP18668,0.543,0.107,0.244,1
C0HKC0,0.875,0.412,0.845,1
AMPEP725,0.997,0.968,0.977,1
AMPEP535,0.98,0.831,0.917,1
AMPEP279,0.966,0.125,0.143,1
P33014,0.191,0.423,0.064,0
Q9WVX8,0.41,0.805,0.268,1
P10306,0.004,0.19,0.016,0
Q6YXM0,0.406,0.487,0.349,0
AMPEP709,0.996,0.897,0.978,1
DRAMP00691,0.912,0.533,0.886,1
DRAMP21458,0.364,0.184,0.257,0
O29529,0.138,0.551,0.089,1
AP02238,0.787,0.641,0.403,1
DRAMP04635,0.972,0.439,0.903,1
P86026,0.795,0.63,0.484,1
O29185,0.043,0.548,0.162,1
DRAMP04029,0.966,0.872,0.896,1
P10295,0.95,0.536,0.917,1
AP00249,0.838,0.164,0.367,1
P83076,0.038,0.267,0.094,0
P86089,0.139,0.196,0.066,0
DRAMP00053,0.985,0.511,0.918,1
G2TRP5,0.136,0.345,0.201,0
AP03112,0.942,0.339,0.616,1
AP00105,0.968,0.705,0.972,1
AMPEP29,0.945,0.853,0.967,1
DRAMP04031,0.823,0.765,0.5,1
AP02015,0.996,0.919,0.971,1
Q3E741,0.135,0.263,0.183,0
DRAMP00504,0.996,0.93,0.967,1
DRAMP18343,0.415,0.701,0.231,1
AP00492,0.528,0.302,0.509,1
P85321,0.09,0.472,0.336,0
P45368,0.765,0.821,0.761,1
P05830,0.039,0.224,0.023,0
Q9T1T7,0.101,0.298,0.138,0
AMPEP578,0.355,0.459,0.781,1
B6DCV8,0.945,0.921,0.84,1
P85369,0.115,0.063,0.138,0
P49832,0.753,0.803,0.628,1
Q9HMD1,0.077,0.116,0.026,0
P82288,0.529,0.751,0.21,1
B0C6T5,0.044,0.261,0.057,0
DRAMP03148,0.752,0.634,0.853,1
AMPEP333,0.994,0.966,0.986,1
Q3K5R0,0.031,0.134,0.045,0
Q9R4P5,0.983,0.617,0.912,1
AP02416,0.994,0.951,0.996,1
AP01294,0.995,0.846,0.992,1
P22401,0.109,0.286,0.109,0
A5PN52,0.688,0.87,0.631,1
AP02218,0.959,0.936,0.939,1
AP01743,0.997,0.808,0.984,1
Q30XT0,0.04,0.614,0.107,1
DRAMP18504,0.847,0.9,0.815,1
DRAMP00888,0.958,0.861,0.5,1
AP02621,0.994,0.754,0.986,1
AMPEP163,0.972,0.707,0.983,1
Q0DAS9,0.486,0.329,0.395,0
A0A0J9YWX3,0.229,0.037,0.046,0
DRAMP18268,0.972,0.886,0.956,1
AMPEP2,0.693,0.69,0.491,1
P36207,0.952,0.829,0.856,1
Q3E789,0.175,0.214,0.538,1
A6BM38,0.213,0.144,0.126,0
B3EWV6,0.992,0.783,0.985,1
DRAMP18473,0.548,0.463,0.26,1
AP02958,0.989,0.595,0.99,1
DRAMP21103,0.81,0.702,0.348,1
P17237,0.18,0.251,0.463,0
P0C8E0,0.2,0.29,0.225,0
O46227,0.064,0.129,0.205,0
DRAMP20864,0.879,0.355,0.855,1
DRAMP00732,0.918,0.778,0.799,1
AMPEP743,0.95,0.936,0.94,1
P06304,0.037,0.031,0.071,0
Q05FP5,0.926,0.799,0.915,1
DRAMP04483,0.972,0.682,0.91,1
P80770,0.747,0.574,0.174,1
A8W3B8,0.155,0.24,0.28,0
AP02632,0.789,0.5,0.77,1
P69036,0.983,0.922,0.894,1
AMPEP618,0.999,0.932,0.998,1
P83000,0.304,0.275,0.134,0
P19616,0.996,0.95,0.988,1
U5L3J9,0.016,0.053,0.012,0
A6YGB2,0.005,0.132,0.016,0
Q2V2P9,0.114,0.479,0.343,0
AP01325,0.983,0.906,0.968,1
DRAMP01770,0.989,0.913,0.98,1
P0DKZ6,0.174,0.092,0.183,0
AP02876,0.921,0.745,0.926,1
DRAMP01026,0.879,0.382,0.932,1
Q25BH8,0.017,0.205,0.011,0
DRAMP18548,0.965,0.462,0.941,1
O55743,0.373,0.843,0.412,1
Q6R7B4,0.984,0.848,0.946,1
DRAMP02313,0.985,0.964,0.935,1
B1PS79,0.087,0.363,0.045,0
A8LN54,0.107,0.16,0.044,0
DRAMP03860,0.845,0.338,0.583,1
AMPEP227,0.997,0.981,0.997,1
DRAMP00298,0.997,0.944,0.994,1
P84197,0.98,0.906,0.945,1
P0DOZ5,0.13,0.169,0.119,0
Q97ZF4,0.218,0.83,0.18,1
DRAMP03293,0.96,0.753,0.958,1
AP02392,0.997,0.925,0.985,1
Q16612,0.01,0.081,0.014,0
DRAMP01805,0.985,0.769,0.982,1
P99507,0.027,0.057,0.031,0
AMPEP549,1,0.982,0.998,1
P0DPY2,0.809,0.709,0.65,1
AP02043,0.921,0.875,0.629,1
Q04236,0.012,0.046,0.013,0
P80671,0.947,0.626,0.844,1
B2SSW2,0.046,0.459,0.047,0
AP00390,0.999,0.932,0.997,1
P0DL06,0.246,0.127,0.214,0
AP02083,0.338,0.732,0.268,1
P83605,0.197,0.17,0.118,0
DRAMP02549,0.02,0.249,0.015,0
DRAMP03120,0.99,0.882,0.988,1
DRAMP00551,0.991,0.958,0.991,1
P0DSE4,0.5,0.236,0.104,0
AMPEP114,0.907,0.441,0.845,1
P81720,0.081,0.077,0.032,0
AP02878,0.033,0.068,0.03,0
DRAMP03415,0.64,0.71,0.628,1
DRAMP01993,0.886,0.606,0.951,1
P14803,0.166,0.214,0.128,0
B3EWX3,0.335,0.597,0.12,1
AP01922,0.906,0.683,0.833,1
P16044,0.897,0.527,0.94,1
P22583,0.301,0.261,0.123,0
P00863,0.656,0.564,0.615,1
B3A0F5,0.014,0.155,0.007,0
P39090,0.008,0.059,0.007,0
U5L3K1,0,0.03,0.003,0
DRAMP04006,0.485,0.355,0.364,0
AP02137,0.947,0.77,0.69,1
DRAMP01723,0.99,0.685,0.986,1
DRAMP03350,0.978,0.904,0.948,1
Q8IVG9,0.007,0.128,0.073,0
P08931,0.032,0.057,0.013,0
P0C815,0.866,0.32,0.634,1
DRAMP02893,0.936,0.888,0.934,1
AP02027,0.797,0.341,0.059,1
P0DJB3,0.781,0.633,0.724,1
P96623,0.939,0.927,0.876,1
AP01746,0.835,0.596,0.826,1
A0A023UCC1,0.117,0.371,0.029,0
AP02849,0.96,0.935,0.954,1
Q83L69,0.003,0.066,0.009,0
Q8SPZ1,0.01,0.15,0.006,0
P86328,0.037,0.268,0.015,0
P0DMV6,0.704,0.585,0.459,1
AMPEP481,0.995,0.871,0.989,1
P85829,0.051,0.122,0.016,0
DRAMP00459,0.994,0.814,0.968,1
Q7VKJ6,0.769,0.905,0.615,1
P0C841,0.013,0.017,0.025,0
P42022,0.405,0.321,0.406,0
DRAMP02937,0.996,0.975,0.989,1
A0A0A0MTA4,0.005,0.008,0.004,0
P86043,0.017,0.144,0.013,0
DRAMP02325,0.972,0.917,0.973,1
DRAMP02834,0.17,0.346,0.532,1
O13886,0.049,0.348,0.194,0
DRAMP00300,0.211,0.058,0.31,0
AMPEP590,0.999,0.968,0.999,1
P96739,0.403,0.65,0.312,1
AMPEP724,0.997,0.95,0.983,1
DRAMP04371,0.997,0.941,0.989,1
A8SE94,0.06,0.127,0.068,0
AMPEP491,0.999,0.958,0.993,1
B0M398,0.299,0.196,0.228,0
P83090,0.065,0.046,0.032,0
DRAMP04098,0.579,0.448,0.423,1
O33672,0.912,0.867,0.951,1
DRAMP02555,0.065,0.634,0.045,1
DRAMP00702,0.998,0.97,0.992,1
AMPEP631,0.277,0.216,0.635,1
Q8TGS7,0.557,0.433,0.77,1
P69095,0.062,0.119,0.182,0
AP00738,0.625,0.159,0.545,1
DRAMP20951,0.257,0.519,0.067,1
AMPEP192,0.999,0.802,0.996,1
P0CI18,0.858,0.855,0.768,1
Q00LT2,0.005,0.015,0.01,0
DRAMP20879,0.984,0.796,0.955,1
AP02400,0.808,0.773,0.843,1
P0DMD2,0.86,0.429,0.803,1
P80755,0.128,0.16,0.129,0
AMPEP276,0.807,0.586,0.775,1
Q52279,0.534,0.463,0.556,1
AMPEP113,0.863,0.529,0.285,1
P85429,0.941,0.462,0.838,1
AP02620,0.996,0.941,0.986,1
DRAMP04676,0.691,0.79,0.548,1
P86311,0.761,0.325,0.66,1
P69025,0.275,0.107,0.092,0
P80575,0.042,0.092,0.023,0
O24493,0.91,0.853,0.924,1
Q9X290,0.627,0.632,0.356,1
P82866,0.018,0.084,0.027,0
AP01306,0.909,0.561,0.915,1
AP02663,0.964,0.883,0.944,1
P80718,0.065,0.19,0.152,0
DRAMP00394,0.865,0.351,0.359,1
DRAMP04351,0.796,0.591,0.487,1
AMPEP685,0.793,0.628,0.92,1
P19299,0.027,0.129,0.008,0
DRAMP02456,0.771,0.424,0.422,1
P0CY72,0.826,0.705,0.68,1
P81244,0.973,0.808,0.941,1
DRAMP01974,0.998,0.893,0.997,1
DRAMP01158,0.154,0.467,0.09,0
P86542,0.166,0.128,0.031,0
DRAMP04380,0.977,0.833,0.951,1
DRAMP20975,0.951,0.648,0.738,1
DRAMP04480,0.259,0.453,0.064,0
P9WF20,0,0.106,0.006,0
AMPEP91,0.996,0.963,0.995,1
AP02854,0.936,0.399,0.858,1
P07577,0.024,0.257,0.101,0
DRAMP00599,0.979,0.912,0.818,1
AP02488,0.986,0.646,0.92,1
DRAMP18113,0.996,0.946,0.991,1
P43649,0.555,0.294,0.242,1
AP01916,0.993,0.97,0.992,1
P03050,0.066,0.241,0.101,0
DRAMP20959,0.999,0.922,0.994,1
AMPEP673,0.078,0.05,0.242,0
AP00779,0.986,0.905,0.986,1
AP03002,0.949,0.704,0.935,1
AP02274,0.996,0.935,0.987,1
DRAMP21111,0.444,0.485,0.159,0
P0DTV4,0.1,0.103,0.043,0
DRAMP21307,0.844,0.878,0.134,1
DRAMP00356,0.998,0.964,0.994,1
P0C5L5,0.144,0.863,0.192,1
AMPEP546,0.863,0.479,0.514,1
AP03076,0.8,0.402,0.52,1
B3EWV1,0.997,0.759,0.995,1
P85096,0.2,0.092,0.201,0
AMPEP742,0.958,0.934,0.926,1
P82207,0.125,0.808,0.166,1
P09697,0.823,0.922,0.898,1
B3EWH2,0.866,0.164,0.422,1
P09472,0.138,0.11,0.086,0
DRAMP00325,0.004,0.207,0.009,0
Q8T112,0.086,0.38,0.203,0
Q2GCX9,0.915,0.867,0.939,1
DRAMP02523,0.714,0.788,0.446,1
AP00371,0.279,0.639,0.699,1
DRAMP00357,0.908,0.853,0.943,1
DRAMP20965,0.535,0.715,0.555,1
B3A0N1,0.163,0.049,0.128,0
C0H3T8,0.251,0.716,0.316,1
DRAMP02665,0.261,0.207,0.146,0
P83153,0.018,0.025,0.022,0
DRAMP02002,0.987,0.814,0.995,1
Q10721,0.25,0.209,0.094,0
Q91FC5,0.49,0.541,0.874,1
P47236,0.991,0.969,0.985,1
AMPEP44,0.995,0.631,0.961,1
P86816,0.274,0.524,0.444,1
P81627,0.644,0.211,0.607,1
AP00537,0.515,0.493,0.291,1
AMPEP675,0.984,0.955,0.982,1
Q2EEX8,0.969,0.931,0.973,1
DRAMP04716,0.999,0.979,0.997,1
DRAMP01121,0.998,0.907,0.992,1
P14709,0.323,0.048,0.249,0
DRAMP01076,0.998,0.976,0.993,1
Q6NVV0,0.314,0.242,0.254,0
DRAMP01156,0.644,0.4,0.402,1
Q99283,0.861,0.466,0.779,1
P80532,0.01,0.045,0.016,0
AP03109,0.995,0.961,0.981,1
Q8M9Z8,0.004,0.029,0.006,0
DRAMP21641,0.024,0.114,0.065,0
AP01533,0.35,0.455,0.767,1
P59072,0.284,0.303,0.465,0
P0C5J6,0.379,0.177,0.506,1
P29207,0.383,0.286,0.12,0
Q9TWR5,0.172,0.107,0.549,1
AMPEP274,0.999,0.932,0.995,1
Q02842,0.793,0.577,0.72,1
DRAMP18120,0.777,0.105,0.401,1
DRAMP03389,0.998,0.975,0.994,1
P0C8D4,0.826,0.281,0.652,1
AP01476,0.601,0.161,0.657,1
DRAMP04575,0.888,0.701,0.924,1
AMPEP710,0.995,0.85,0.982,1
P84775,0.495,0.401,0.712,1
DRAMP04291,0.045,0.114,0.06,0
Q573F0,0.041,0.285,0.016,0
DRAMP00562,0.998,0.95,0.993,1
P86834,0.046,0.075,0.07,0
Q3SAF0,0.641,0.121,0.449,1
P28499,0.878,0.54,0.919,1
Q54TR6,0.037,0.236,0.056,0
B3EUR5,0.353,0.446,0.245,0
AMPEP262,0.989,0.866,0.97,1
P20056,0.015,0.029,0.02,0
P82258,0.28,0.516,0.164,1
C1P612,0.098,0.393,0.08,0
DRAMP04419,0.945,0.82,0.981,1
DRAMP03333,0.986,0.97,0.985,1
P80805,0.013,0.04,0.026,0
Q9R5H8,0.053,0.401,0.015,0
DRAMP02902,0.049,0.228,0.055,0
P55736,0.076,0.137,0.048,0
AP01786,0.951,0.842,0.961,1
P0C538,0.113,0.082,0.138,0
DRAMP04605,0.477,0.691,0.47,1
C0HLK7,0.5,0.302,0.254,0
AMPEP563,0.986,0.939,0.925,1
B4HSS0,0.262,0.347,0.235,0
A0A0A0MT89,0.535,0.667,0.188,1
DRAMP21632,0.736,0.473,0.808,1
AMPEP348,0.957,0.905,0.909,1
AP01287,0.976,0.882,0.966,1
O34345,0.512,0.306,0.644,1
C1P600,0.537,0.419,0.157,1
P17230,0.005,0.106,0.012,0
P59908,0.276,0.413,0.36,0
C1P617,0.072,0.203,0.07,0
DRAMP02372,0.997,0.992,0.991,1
DRAMP00569,0.992,0.874,0.97,1
AP02941,0.841,0.128,0.48,1
DRAMP21003,0.971,0.912,0.956,1
AP00497,0.693,0.769,0.119,1
P0C7K3,0.015,0.093,0.038,0
P59066,0.533,0.181,0.352,1
P21791,0.855,0.329,0.344,1
Q197B5,0.748,0.603,0.859,1
P31256,0.014,0.562,0.052,1
AP03155,0.979,0.343,0.773,1
DRAMP03338,0.984,0.928,0.973,1
AMPEP309,0.984,0.894,0.983,1
P50871,0.485,0.306,0.108,0
P0C9X8,0.905,0.576,0.908,1
AMPEP297,0.999,0.977,0.999,1
P18690,0.541,0.242,0.262,1
AMPEP182,0.932,0.917,0.787,1
P19864,0.146,0.138,0.065,0
AP00269,0.991,0.838,0.98,1
DRAMP00703,0.986,0.796,0.967,1
Q3E775,0.108,0.475,0.137,0
AMPEP464,0.847,0.367,0.295,1
DRAMP04493,0.994,0.914,0.976,1
Q73P09,0.953,0.939,0.921,1
O67560,0.95,0.94,0.953,1
DRAMP21408,0.706,0.805,0.355,1
C0HJY6,0.986,0.863,0.938,1
P86260,0.899,0.934,0.92,1
AP03115,0.995,0.939,0.995,1
DRAMP04432,0.951,0.831,0.917,1
AP00726,0.591,0.393,0.219,1
C0H418,0.097,0.166,0.101,0
C0HJI9,0.109,0.258,0.263,0
AP01942,0.927,0.365,0.568,1
P85482,0.044,0.063,0.019,0
AMPEP238,0.652,0.533,0.479,1
P14535,0.015,0.089,0.011,0
DRAMP00907,0.997,0.942,0.998,1
AP03000,0.434,0.354,0.536,1
P30259,0.965,0.67,0.73,1
DRAMP04218,0.996,0.946,0.989,1
DRAMP04120,0.942,0.677,0.904,1
Q9ZDH6,0.03,0.299,0.043,0
DRAMP00526,0.998,0.967,0.987,1
DRAMP00519,0.902,0.823,0.705,1
P0C1V7,0.964,0.793,0.935,1
P83109,0.21,0.268,0.262,0
P32371,0.608,0.414,0.357,1
DRAMP01330,0.735,0.572,0.626,1
P49271,0.67,0.789,0.482,1
DRAMP00439,0.984,0.76,0.947,1
AMPEP676,0.321,0.309,0.51,1
Q75JQ0,0.536,0.59,0.179,1
AMPEP645,0.993,0.96,0.986,1
DRAMP03392,0.946,0.549,0.782,1
AMPEP322,0.957,0.933,0.934,1
P31888,0.571,0.12,0.626,1
AP00661,0.995,0.821,0.994,1
AMPEP713,0.994,0.844,0.977,1
AP02840,0.934,0.426,0.931,1
DRAMP02440,0.779,0.637,0.923,1
B4EHL5,0.029,0.109,0.025,0
P80610,0.016,0.023,0.027,0
D0MQL8,0.435,0.762,0.634,1
P23319,0.49,0.457,0.582,1
AMPEP612,0.668,0.116,0.917,1
DRAMP00993,0.986,0.83,0.946,1
DRAMP00444,0.991,0.705,0.945,1
Q06253,0.034,0.43,0.07,0
AP01247,0.931,0.492,0.913,1
P85432,0.536,0.159,0.145,1
C0H3V8,0.617,0.59,0.651,1
DRAMP21092,0.958,0.902,0.827,1
DRAMP04406,0.761,0.711,0.537,1
P85434,0.009,0.042,0.007,0
AP02211,0.849,0.334,0.934,1
DRAMP03695,0.861,0.633,0.902,1
P04576,0.036,0.073,0.064,0
Q86IE6,0.659,0.453,0.379,1
P0CI41,0.961,0.785,0.937,1
AMPEP191,0.996,0.738,0.989,1
DRAMP00643,0.922,0.541,0.718,1
P07076,0.139,0.65,0.34,1
DRAMP03855,0.846,0.339,0.583,1
AMPEP34,0.997,0.903,0.992,1
DRAMP00670,0.985,0.82,0.972,1
DRAMP03139,0.913,0.821,0.826,1
P80526,0.109,0.359,0.04,0
AP02087,0.917,0.758,0.976,1
P0DL59,0.787,0.784,0.619,1
AP02868,0.775,0.413,0.139,1
P02785,0.984,0.913,0.946,1
DRAMP18561,0.687,0.738,0.481,1
Q5UPV6,0.977,0.943,0.909,1
DRAMP02491,0.99,0.922,0.963,1
DRAMP03228,0.999,0.942,0.999,1
AP03090,0.737,0.972,0.417,1
Q2NS80,0.035,0.204,0.014,0
DRAMP21185,0.535,0.513,0.297,1
AMPEP465,0.939,0.488,0.852,1
A0L6H5,0.044,0.259,0.055,0
DRAMP03975,0.944,0.9,0.922,1
AP00067,0.92,0.607,0.781,1
DRAMP04675,0.787,0.652,0.486,1
AP00117,0.905,0.747,0.981,1
Q70RD5,0.455,0.693,0.448,1
P0CI22,0.961,0.959,0.839,1
P36937,0.035,0.153,0.018,0
AMPEP722,0.976,0.904,0.973,1
P81800,0.021,0.031,0.022,0
P82648,0.993,0.759,0.984,1
P82997,0.323,0.408,0.236,0
AMPEP198,0.983,0.901,0.97,1
X1WB75,0.933,0.616,0.534,1
DRAMP01148,0.824,0.469,0.767,1
AMPEP696,0.995,0.868,0.981,1
DRAMP04277,0.708,0.812,0.417,1
AMPEP542,0.017,0.129,0.023,0
DRAMP01861,0.61,0.581,0.538,1
AP02297,0.958,0.705,0.939,1
AMPEP493,0.841,0.493,0.573,1
P68448,0.796,0.854,0.548,1
AP01238,0.938,0.873,0.944,1
DRAMP21196,0.922,0.481,0.803,1
DRAMP03238,0.989,0.937,0.988,1
AP01765,0.03,0.032,0.083,0
DRAMP03187,0.989,0.952,0.995,1
AP02061,0.794,0.244,0.883,1
DRAMP00539,0.985,0.899,0.898,1
DRAMP03146,0.997,0.926,0.989,1
Q9SEU7,0.973,0.947,0.958,1
B5YJT2,0.829,0.894,0.601,1
P0DL02,0.474,0.163,0.313,0
Q00762,0.823,0.801,0.81,1
Q9VBL7,0.571,0.65,0.5,1
AP02303,0.859,0.775,0.908,1
P20748,0.979,0.963,0.961,1
A8G2R2,0.04,0.099,0.026,0
AMPEP468,0.98,0.702,0.958,1
P83729,0.013,0.019,0.014,0
O22002,0.229,0.256,0.481,0
P59726,0.015,0.474,0.054,0
DRAMP00730,0.997,0.923,0.899,1
AMPEP588,1,0.942,0.995,1
P85843,0.049,0.155,0.013,0
P80788,0.44,0.22,0.125,0
AP02949,0.21,0.394,0.688,1
P03678,0.185,0.709,0.198,1
Q8ZNZ8,0.348,0.5,0.367,0
AP00648,0.991,0.902,0.996,1
Q59026,0.84,0.743,0.647,1
DRAMP18562,0.524,0.447,0.207,1
DRAMP03323,0.158,0.292,0.511,1
Q8DJ15,0.003,0.116,0.006,0
DRAMP03762,0.56,0.48,0.426,1
Q04208,0.579,0.219,0.223,1
P82697,0,0.016,0.004,0
AP00119,0.998,0.804,0.994,1
P82298,0.368,0.512,0.067,1
DRAMP04050,0.964,0.687,0.847,1
O68025,0.468,0.756,0.49,1
P36322,0.622,0.338,0.56,1
A0A0A0V662,0.6,0.353,0.64,1
P42513,0.024,0.096,0.026,0
P14442,0.009,0.03,0.013,0
P0DJH9,0.988,0.949,0.968,1
DRAMP04479,0.474,0.46,0.347,0
AP02995,0.604,0.359,0.718,1
AMPEP453,0.704,0.707,0.44,1
Q9HIT7,0.981,0.862,0.971,1
AMPEP75,0.984,0.877,0.894,1
DRAMP04099,0.358,0.574,0.538,1
C0HKQ9,0.986,0.684,0.984,1
DRAMP00649,0.822,0.791,0.946,1
DRAMP20938,0.973,0.875,0.964,1
AP03157,0.891,0.572,0.819,1
DRAMP21403,0.02,0.224,0.082,0
DRAMP21404,0.711,0.263,0.877,1
AP03106,0.999,0.968,0.996,1
B8GWS7,0.056,0.12,0.051,0
P80502,0.388,0.321,0.17,0
DRAMP03749,0.428,0.383,0.371,0
AP02843,0.994,0.647,0.98,1
P82902,0.029,0.172,0.011,0
P81563,0.126,0.137,0.483,0
AP01860,0.939,0.821,0.928,1
P84828,0.942,0.407,0.59,1
AP00498,0.893,0.829,0.906,1
P84749,0.485,0.177,0.221,0
AMPEP330,0.96,0.507,0.933,1
Q54B23,0.644,0.543,0.433,1
P86256,0.943,0.88,0.891,1
DRAMP04053,0.946,0.474,0.848,1
AP02106,0.742,0.652,0.921,1
DRAMP04476,0.987,0.954,0.979,1
AP00409,0.999,0.944,0.993,1
AP02865,0.967,0.869,0.882,1
P62611,0.974,0.829,0.953,1
AMPEP200,0.992,0.815,0.986,1
P58930,0.92,0.321,0.735,1
Q9WW67,0.109,0.381,0.046,0
P85236,0.999,0.918,0.989,1
Q5R4Y3,0.003,0.016,0.004,0
Q07333,0.164,0.2,0.235,0
DRAMP03035,0.994,0.917,0.972,1
P86129,0.182,0.086,0.092,0
AP01953,0.466,0.265,0.854,1
DRAMP21112,0.557,0.858,0.334,1
P69593,0.982,0.647,0.97,1
AP00552,0.939,0.669,0.972,1
P0DKN5,0.981,0.941,0.894,1
Q54GQ8,0.284,0.486,0.268,0
P0DTF1,0.059,0.073,0.071,0
AP00439,0.988,0.927,0.986,1
AP02186,0.991,0.973,0.988,1
P86514,0.022,0.47,0.053,0
P83518,0.127,0.536,0.054,1
P80085,0.059,0.039,0.009,0
AP00558,1,0.983,0.999,1
P16483,0.318,0.456,0.246,0
AMPEP414,0.96,0.554,0.844,1
D6C4K6,0.577,0.619,0.5,1
DRAMP20827,0.993,0.809,0.992,1
Q8K9D5,0.548,0.869,0.413,1
AMPEP534,0.984,0.767,0.913,1
DRAMP18596,0.982,0.784,0.905,1
P19048,0.034,0.202,0.028,0
DRAMP21322,0.791,0.857,0.244,1
Q84WI0,0.994,0.916,0.984,1
AMPEP66,0.98,0.898,0.966,1
DRAMP01159,0.892,0.609,0.882,1
O74172,0.922,0.914,0.939,1
AMPEP436,0.994,0.951,0.989,1
DRAMP04551,0.903,0.739,0.884,1
P61232,0.994,0.976,0.988,1
B0U7C5,0.018,0.182,0.082,0
Q863G1,0.015,0.161,0.116,0
Q6F9J3,0.03,0.297,0.025,0
AMPEP280,0.926,0.806,0.857,1
DRAMP00603,0.988,0.941,0.974,1
AMPEP156,0.707,0.174,0.333,1
AP01274,0.935,0.658,0.957,1
AMPEP316,0.963,0.463,0.696,1
P80089,0.026,0.179,0.018,0
Q573G4,0.192,0.374,0.083,0
DRAMP04216,0.712,0.288,0.662,1
AMPEP107,0.952,0.304,0.921,1
AP02635,0.964,0.942,0.959,1
P82330,0.096,0.061,0.135,0
AP00136,0.475,0.554,0.91,1
DRAMP04368,0.627,0.746,0.284,1
DRAMP00682,0.79,0.777,0.509,1
P86659,0.254,0.127,0.389,0
AMPEP576,0.924,0.817,0.923,1
P86815,0.17,0.158,0.277,0
AP02627,0.932,0.769,0.799,1
DRAMP02670,0.932,0.898,0.901,1
P84731,0.047,0.092,0.03,0
DRAMP20837,0.985,0.945,0.967,1
P83315,0.006,0.19,0.009,0
Q8DKM3,0.576,0.589,0.352,1
AP00389,0.871,0.705,0.917,1
DRAMP04049,0.954,0.536,0.805,1
P50659,0.025,0.184,0.036,0
AP00064,0.878,0.767,0.792,1
AP00108,0.444,0.145,0.554,1
AP01152,0.958,0.619,0.772,1
DRAMP21464,0.794,0.827,0.514,1
DRAMP01907,0.913,0.807,0.959,1
Q9XPS5,0.243,0.754,0.375,1
Q9HIP0,0.994,0.97,0.989,1
AP02332,0.998,0.901,0.988,1
AP00328,0.977,0.642,0.933,1
P0CJ77,0.056,0.296,0.466,0
P43173,0.112,0.72,0.306,1
Q8W191,0.492,0.73,0.634,1
AMPEP52,0.997,0.97,0.997,1
C0H3Q2,0.691,0.458,0.418,1
P0DTX5,0.091,0.097,0.037,0
DRAMP00214,0.072,0.046,0.033,0
DRAMP00742,0.829,0.395,0.715,1
B3EWF2,0.999,0.982,0.995,1
DRAMP03703,0.987,0.853,0.986,1
P09134,0.033,0.218,0.098,0
O28108,0.081,0.397,0.02,0
AP03024,0.997,0.977,0.995,1
Q7VDM3,0.024,0.106,0.028,0
DRAMP03013,0.847,0.53,0.924,1
P83426,0.062,0.076,0.024,0
DRAMP18098,0.94,0.777,0.799,1
P0C8W8,0.2,0.309,0.149,0
DRAMP03284,0.898,0.925,0.751,1
AMPEP657,0.999,0.933,0.994,1
DRAMP00088,0.999,0.917,0.993,1
DRAMP00883,0.996,0.971,0.971,1
P80863,0.987,0.848,0.922,1
AP00510,0.946,0.754,0.955,1
DRAMP18587,0.953,0.949,0.917,1
DRAMP21364,0.98,0.855,0.929,1
P84909,0.727,0.511,0.491,1
AMPEP426,0.029,0.144,0.111,0
DRAMP21234,0.622,0.932,0.255,1
AP00145,0.939,0.785,0.777,1
AP03126,0.063,0.653,0.024,1
P26820,0.172,0.29,0.133,0
AMPEP510,0.997,0.962,0.992,1
DRAMP00512,0.987,0.937,0.909,1
DRAMP00656,0.961,0.901,0.893,1
P09684,0.038,0.088,0.243,0
P0C8J0,0.254,0.22,0.235,0
A6V6I4,0.006,0.064,0.008,0
O29945,0.009,0.046,0.01,0
AMPEP512,0.072,0.187,0.059,0
DRAMP00935,0.043,0.064,0.052,0
P80693,0.037,0.117,0.02,0
AMPEP62,0.959,0.95,0.957,1
DRAMP04242,0.759,0.654,0.288,1
DRAMP00641,0.951,0.793,0.835,1
AMPEP575,0.52,0.201,0.472,1
DRAMP00973,0.996,0.893,0.97,1
DRAMP00546,0.967,0.778,0.926,1
A0A1E1FFL1,0.988,0.945,0.95,1
P86249,0.01,0.172,0.065,0
P0DKN4,0.956,0.799,0.941,1
P21753,0.066,0.133,0.109,0
AP02479,0.976,0.973,0.955,1
Q1XDG9,0.01,0.108,0.017,0
AP01708,0.842,0.253,0.853,1
P10433,0.365,0.648,0.448,1
AMPEP217,0.9,0.797,0.927,1
P46757,0.888,0.941,0.888,1
DRAMP04638,0.942,0.318,0.867,1
P49487,0.012,0.052,0.01,0
AP02188,0.969,0.96,0.986,1
DRAMP04288,0.876,0.684,0.55,1
P41502,0.014,0.102,0.024,0
DRAMP00713,0.997,0.848,0.987,1
AMPEP78,0.938,0.353,0.682,1
P84461,0.102,0.118,0.108,0
DRAMP04422,0.965,0.755,0.925,1
AP00459,0.945,0.618,0.987,1
P86689,0.004,0.061,0.006,0
AMPEP651,0.996,0.896,0.983,1
P22919,0.52,0.748,0.461,1
DRAMP04343,0.999,0.987,0.999,1
AP00878,0.98,0.794,0.993,1
AMPEP390,0.106,0.31,0.042,0
P86876,0.004,0.022,0.019,0
DRAMP00157,0.878,0.789,0.784,1
P0C5N8,0.055,0.216,0.024,0
P81786,0.034,0.062,0.024,0
P45783,0.08,0.06,0.114,0
P85110,0,0.016,0.003,0
P83321,0.018,0.05,0.025,0
Q67HT9,0.027,0.354,0.12,0
DRAMP21367,0.861,0.858,0.71,1
DRAMP20821,0.923,0.882,0.855,1
DRAMP04418,0.994,0.921,0.993,1
P10095,0.003,0.047,0.008,0
Q6L0N2,0.189,0.554,0.086,1
Q1XDT1,0.014,0.111,0.028,0
P86118,0.172,0.197,0.314,0
Q3E782,0.61,0.56,0.412,1
Q01010,0.139,0.531,0.059,1
P9WK08,0.915,0.868,0.883,1
DRAMP03557,0.656,0.697,0.92,1
P07114,0.055,0.306,0.189,0
P0DMA4,0.897,0.871,0.811,1
P81340,0.031,0.092,0.041,0
DRAMP00826,0.982,0.845,0.897,1
D9U2B3,0.957,0.937,0.723,1
P85367,0.634,0.439,0.358,1
DRAMP02201,0.477,0.549,0.454,1
AMPEP616,0.876,0.574,0.909,1
AP00547,0.365,0.5,0.601,1
A7MMF2,0.016,0.477,0.019,0
AP01420,0.989,0.793,0.989,1
AMPEP313,0.997,0.965,0.993,1
AP00823,0.231,0.297,0.468,0
P08352,0.2,0.319,0.045,0
P85248,0.335,0.386,0.298,0
Q47710,0.156,0.716,0.375,1
AMPEP718,0.617,0.714,0.92,1
Q8DGI6,0.04,0.492,0.117,0
AMPEP235,0.995,0.958,0.989,1
DRAMP03439,0.599,0.605,0.787,1
O35961,0.288,0.167,0.156,0
DRAMP21240,0.865,0.89,0.256,1
B3EWX0,0.334,0.243,0.041,0
P81359,0.593,0.629,0.357,1
DRAMP02149,0.107,0.043,0.045,0
Q3E814,0.192,0.692,0.082,1
P49830,0.213,0.276,0.348,0
DRAMP00527,0.986,0.86,0.971,1
AP01718,0.815,0.683,0.758,1
DRAMP18614,0.862,0.354,0.117,1
DRAMP00540,0.992,0.96,0.997,1
P20622,0.925,0.791,0.812,1
AMPEP442,0.986,0.858,0.946,1
P0DQI9,0.903,0.807,0.733,1
B8HUV5,0.071,0.312,0.065,0
AP01251,0.932,0.293,0.92,1
P81336,0.068,0.142,0.272,0
P85251,0.138,0.606,0.07,1
P56568,0.481,0.091,0.57,1
P85017,0.966,0.918,0.938,1
P0DPN2,0.043,0.315,0.378,0
Q10348,0.988,0.958,0.965,1
P55967,0.007,0.103,0.024,0
DRAMP03778,0.698,0.193,0.621,1
P80587,0.592,0.524,0.197,1
AMPEP108,0.995,0.912,0.991,1
Q3E820,0.036,0.364,0.014,0
B2XWP2,0.019,0.098,0.007,0
Q8TGS5,0.06,0.176,0.075,0
AP02086,0.478,0.818,0.673,1
DRAMP00543,0.995,0.951,0.991,1
Q9S8T0,0.046,0.102,0.008,0
AMPEP36,0.912,0.681,0.84,1
P0AD93,0.575,0.851,0.168,1
AP00011,0.08,0.07,0.069,0
DRAMP21297,0.912,0.769,0.929,1
AP02915,0.611,0.349,0.467,1
AMPEP368,0.931,0.954,0.864,1
AMPEP545,0.907,0.59,0.874,1
P80180,0.023,0.068,0.048,0
P86499,0.187,0.165,0.048,0
DRAMP03506,0.038,0.064,0.015,0
O26484,0.031,0.106,0.026,0
AMPEP515,0.977,0.803,0.893,1
P0DPC6,0.527,0.117,0.556,1
DRAMP00966,0.999,0.97,0.999,1
DRAMP00698,0.995,0.882,0.938,1
P85339,0.155,0.102,0.249,0
P0C6S2,0.97,0.797,0.777,1
AMPEP183,0.814,0.814,0.763,1
AP02808,0.956,0.932,0.968,1
O07547,0.057,0.187,0.01,0
AMPEP633,0.076,0.041,0.124,0
P0C7Z8,0.987,0.912,0.97,1
P86310,0.814,0.355,0.823,1
DRAMP03790,0.996,0.94,0.996,1
AMPEP174,0.944,0.927,0.977,1
Q56251,0.725,0.351,0.515,1
DRAMP03789,0.896,0.61,0.878,1
P17236,0.991,0.841,0.984,1
P45874,0.221,0.48,0.288,0
Q2JJG7,0.055,0.113,0.019,0
Q32620,0.938,0.926,0.972,1
DRAMP03482,0.779,0.712,0.484,1
AP03130,0.924,0.412,0.5,1
L0R8F8,0.186,0.656,0.466,1
DRAMP21239,0.857,0.897,0.286,1
AP02729,0.985,0.67,0.958,1
P27412,0.854,0.96,0.85,1
DRAMP03335,0.962,0.852,0.935,1
P83451,0.591,0.205,0.191,1
AP02077,0.94,0.933,0.945,1
AP02530,0.685,0.624,0.542,1
AP01861,0.99,0.888,0.961,1
O32723,0.147,0.611,0.139,1
P67480,0.119,0.13,0.155,0
DRAMP00331,0.051,0.164,0.011,0
P14475,0.056,0.048,0.064,0
P83837,0.923,0.36,0.878,1
DRAMP03142,0.955,0.767,0.935,1
AMPEP560,0.992,0.858,0.989,1
P30244,0.28,0.724,0.141,1
Q9RN12,0.073,0.169,0.044,0
P15714,0.623,0.533,0.434,1
DRAMP18287,0.939,0.863,0.924,1
Q3SAF3,0.418,0.075,0.222,0
P80757,0.014,0.055,0.018,0
DRAMP21040,0.622,0.335,0.489,1
O69717,0.085,0.697,0.228,1
P55236,0,0.261,0.005,0
AP02903,0.916,0.433,0.803,1
AMPEP10,0.996,0.926,0.99,1
DRAMP02353,0.312,0.49,0.339,0
P44174,0.214,0.429,0.175,0
DRAMP04598,0.804,0.948,0.289,1
Q9PQN3,0.757,0.896,0.897,1
P86057,0.019,0.103,0.174,0
C0HJC4,0.984,0.792,0.989,1
DRAMP00676,0.933,0.712,0.893,1
P0DKZ2,0.553,0.195,0.319,1
P0C2F2,0.932,0.972,0.887,1
DRAMP03442,0.313,0.528,0.14,1
P12663,0.015,0.061,0.013,0
AP00767,0.939,0.651,0.801,1
P55960,0.251,0.127,0.109,0
DRAMP18365,0.944,0.449,0.668,1
AMPEP410,0.947,0.782,0.884,1
P56306,0.126,0.193,0.196,0
AMPEP208,0.672,0.882,0.668,1
P22962,0.654,0.483,0.743,1
DRAMP02526,0.146,0.391,0.17,0
AMPEP246,0.997,0.971,0.994,1
P0DP11,0.935,0.948,0.84,1
DRAMP01598,0.92,0.485,0.709,1
Q8TGL1,0.432,0.25,0.089,0
P05393,0.02,0.257,0.021,0
AMPEP478,0.996,0.929,0.982,1
Q9ZZW3,0.1,0.199,0.041,0
C0H3U0,0.585,0.634,0.49,1
DRAMP00492,0.973,0.631,0.816,1
AMPEP736,0.998,0.934,0.995,1
AP01479,0.797,0.747,0.753,1
DRAMP02029,0.939,0.577,0.919,1
AMPEP351,0.996,0.891,0.981,1
P11189,0.017,0.106,0.092,0
P0C7K2,0.234,0.112,0.148,0
AP00453,0.989,0.88,0.993,1
DRAMP04357,0.995,0.924,0.998,1
AMPEP64,0.997,0.913,0.99,1
P0CI16,0.974,0.87,0.79,1
AMPEP521,0.987,0.957,0.925,1
DRAMP02006,0.773,0.62,0.543,1
DRAMP21008,0.985,0.951,0.99,1
AP03099,0.961,0.961,0.758,1
AP03139,0.133,0.297,0.115,0
P11921,0.425,0.211,0.115,0
DRAMP18534,0.97,0.365,0.915,1
P08809,0.256,0.184,0.345,0
P39559,0.21,0.632,0.198,1
DRAMP01777,0.979,0.751,0.951,1
AMPEP613,0.999,0.951,0.976,1
P39085,0.602,0.478,0.533,1
Q6B8K0,0.007,0.062,0.007,0
A6X995,0.925,0.522,0.813,1
P80806,0.661,0.111,0.453,1
P17226,0.029,0.041,0.023,0
AP02041,0.998,0.965,0.999,1
AP02347,0.58,0.408,0.261,1
AP02609,0.842,0.857,0.968,1
DRAMP00549,0.929,0.828,0.963,1
Q8D079,0.665,0.655,0.575,1
P24431,0.037,0.173,0.083,0
DRAMP02176,0.104,0.135,0.079,0
DRAMP00642,0.965,0.826,0.917,1
Q805K3,0.786,0.641,0.84,1
AP01702,0.877,0.857,0.613,1
DRAMP00851,0.995,0.949,0.976,1
DRAMP20960,0.994,0.771,0.935,1
DRAMP02921,0.488,0.527,0.459,1
C0HJY4,0.971,0.895,0.966,1
AMPEP751,0.996,0.942,0.989,1
AP03095,0.975,0.946,0.985,1
AMPEP213,0.319,0.341,0.268,0
P0DOW6,0.956,0.883,0.874,1
Q9TWD3,0.03,0.042,0.027,0
AMPEP488,0.954,0.812,0.89,1
P0DPE6,0.565,0.574,0.38,1
AMPEP501,0.812,0.759,0.906,1
AMPEP133,0.986,0.344,0.86,1
P0DQH4,0.993,0.805,0.976,1
Q5PQ25,0.988,0.878,0.972,1
Q08900,0.84,0.924,0.845,1
AMPEP382,0.998,0.975,0.994,1
Q46493,0.328,0.605,0.26,1
P81784,0.344,0.317,0.207,0
P38049,0.982,0.959,0.968,1
P77494,0.022,0.159,0.133,0
P84883,0.028,0.668,0.077,1
DRAMP00344,0.977,0.969,0.977,1
Q3SZ70,0.134,0.13,0.236,0
DRAMP18401,0.982,0.823,0.946,1
D9U2B6,0.561,0.609,0.338,1
DRAMP00438,0.747,0.642,0.809,1
P0C424,0.88,0.949,0.85,1
DRAMP00554,0.966,0.905,0.955,1
P96132,0.108,0.419,0.057,0
AP00039,0.979,0.88,0.939,1
P86119,0.743,0.419,0.54,1
AP00089,0.984,0.751,0.988,1
P83054,0.241,0.276,0.107,0
AMPEP679,0.05,0.384,0.346,0
B9L889,0.981,0.838,0.983,1
O31869,0.086,0.478,0.067,0
DRAMP00971,0.737,0.515,0.655,1
AP00539,0.982,0.918,0.976,1
AMPEP341,0.985,0.921,0.961,1
P15414,0.175,0.606,0.14,1
DRAMP21086,0.953,0.98,0.874,1
C0HKD0,0.958,0.926,0.792,1
Q09124,0.075,0.168,0.031,0
AMPEP661,0.995,0.838,0.976,1
DRAMP21052,0.92,0.84,0.919,1
C0H3T3,0.116,0.162,0.058,0
P22581,0.181,0.577,0.114,1
Q9PPY4,0.539,0.885,0.386,1
Q9TJR5,0.982,0.637,0.977,1
O83168,0.239,0.46,0.5,0
AMPEP229,0.814,0.514,0.612,1
Q54AV4,0.104,0.5,0.046,0
AP02882,0.959,0.864,0.953,1
Q08076,0.247,0.302,0.344,0
P82153,0.152,0.116,0.109,0
P52871,0.304,0.724,0.422,1
P01249,0.009,0.081,0.009,0
P82313,0.215,0.211,0.177,0
P0DPN0,0.626,0.171,0.252,1
AP00283,0.997,0.981,0.998,1
AP03085,0.832,0.685,0.751,1
AMPEP358,0.571,0.678,0.606,1
DRAMP04445,0.886,0.841,0.5,1
P0DPN9,0.014,0.177,0.017,0
Q7M3C4,0.08,0.319,0.064,0
AP01599,0.993,0.896,0.987,1
B5VLV9,0.991,0.95,0.979,1
DRAMP18302,0.905,0.962,0.693,1
DRAMP21042,0.887,0.896,0.752,1
P37574,0.938,0.939,0.888,1
Q81AF2,0.144,0.136,0.208,0
AMPEP571,0.924,0.5,0.907,1
Q8TGN0,0.314,0.15,0.318,0
AP00637,0.969,0.636,0.719,1
Q8N8D9,0.926,0.836,0.616,1
DRAMP18452,0.966,0.765,0.89,1
P86942,0.93,0.93,0.844,1
C0H3Z0,0.756,0.6,0.84,1
AP02623,0.939,0.731,0.473,1
P86680,0.142,0.056,0.294,0
DRAMP21138,0.761,0.55,0.684,1
P0ACW4,0.998,0.87,0.994,1
DRAMP02260,0.997,0.925,0.991,1
AP00253,0.815,0.634,0.198,1
P02330,0.895,0.682,0.786,1
P32450,0.804,0.865,0.94,1
Q0IBQ6,0.299,0.402,0.074,0
P81753,0.177,0.093,0.249,0
A0A0A7DNP6,0.778,0.858,0.695,1
Q9TWH3,0.538,0.176,0.5,1
P82946,0.02,0.072,0.015,0
Q24437,0.148,0.137,0.315,0
P45505,0.034,0.363,0.113,0
DRAMP21026,0.996,0.945,0.988,1
Q05287,0.017,0.073,0.016,0
DRAMP01169,0.178,0.413,0.569,1
P59866,0.961,0.708,0.798,1
Q60350,0.992,0.908,0.976,1
AMPEP614,0.461,0.359,0.796,1
P45656,0.016,0.172,0.018,0
P82965,0.765,0.648,0.3,1
AMPEP98,0.974,0.862,0.949,1
P14481,0.007,0.014,0.034,0
P0C7S7,0.413,0.116,0.267,0
DRAMP03857,0.712,0.229,0.353,1
AP03111,0.995,0.88,0.971,1
DRAMP04354,0.026,0.309,0.037,0
AP02001,0.979,0.858,0.919,1
O85264,0.15,0.615,0.16,1
AP02136,0.939,0.622,0.847,1
AP02687,0.996,0.946,0.994,1
P19663,0.587,0.898,0.595,1
Q5RAQ7,0.071,0.5,0.147,0
DRAMP00901,0.934,0.95,0.936,1
Q5SKN4,0.971,0.947,0.957,1
AMPEP176,0.853,0.492,0.64,1
AP01414,0.986,0.86,0.994,1
AMPEP321,0.994,0.963,0.991,1
DRAMP01154,0.976,0.759,0.881,1
AP02950,0.051,0.059,0.122,0
DRAMP00660,0.818,0.849,0.528,1
P0CC13,0.802,0.758,0.663,1
DRAMP18695,0.542,0.493,0.626,1
AMPEP561,0.988,0.92,0.929,1
DRAMP01667,0.379,0.063,0.109,0
AMPEP635,0.989,0.934,0.992,1
P00201,0.699,0.376,0.33,1
AMPEP445,0.998,0.955,0.996,1
DRAMP03633,0.449,0.449,0.174,0
P18673,0.025,0.091,0,0
DRAMP00601,0.993,0.859,0.93,1
DRAMP02371,0.818,0.711,0.868,1
AMPEP255,0.999,0.962,0.997,1
Q09JL7,0.162,0.36,0.14,0
Q3E804,0.021,0.494,0.068,0
Q8EIX4,0.028,0.312,0.035,0
P86549,0.025,0.106,0.032,0
Q8ZVN2,0.841,0.915,0.846,1
P82431,0.769,0.082,0.424,1
DRAMP21636,0.643,0.596,0.391,1
DRAMP21219,0.93,0.57,0.795,1
DRAMP03014,0.997,0.856,0.99,1
Q757F0,0.394,0.583,0.5,1
AMPEP712,0.876,0.52,0.92,1
AP02051,0.459,0.188,0.587,1
DRAMP00006,0.968,0.517,0.66,1
A8G2X5,0.019,0.168,0.029,0
DRAMP04290,0.966,0.514,0.768,1
Q86H87,0.287,0.585,0.169,1
AMPEP314,0.6,0.246,0.102,1
AP03119,0.583,0.393,0.584,1
P55533,0.084,0.304,0.054,0
DRAMP18636,0.972,0.881,0.975,1
DRAMP00653,0.915,0.918,0.952,1
AMPEP434,0.939,0.731,0.825,1
O83056,0.04,0.406,0.043,0
P80267,0.214,0.16,0.141,0
DRAMP18144,0.851,0.808,0.84,1
DRAMP00482,0.998,0.902,0.976,1
AP00589,0.994,0.897,0.984,1
DRAMP00690,0.905,0.734,0.704,1
Q6WGI9,0.748,0.237,0.641,1
DRAMP04352,0.918,0.798,0.914,1
P84354,0.011,0.013,0.021,0
Q8Z9H9,0.098,0.357,0.302,0
DRAMP00324,0.01,0.036,0.012,0
Q6YLX4,0.741,0.798,0.452,1
AP02699,0.387,0.297,0.383,0
P86307,0.834,0.385,0.789,1
P85441,0.33,0.628,0.535,1
DRAMP21342,0.455,0.624,0.328,1
AMPEP357,0.983,0.921,0.957,1
DRAMP01155,0.976,0.761,0.881,1
P19434,0.167,0.521,0.142,1
AP02555,0.96,0.593,0.979,1
P0DI80,0.191,0.579,0.072,1
C0H3V1,0.434,0.379,0.188,0
Q58Y44,0.738,0.481,0.56,1
AMPEP93,0.956,0.9,0.934,1
AP01275,0.98,0.733,0.974,1
P19865,0.134,0.161,0.265,0
P85895,0.532,0.078,0.344,1
AP02558,0.999,0.971,0.998,1
P02677,0.011,0.015,0.027,0
AP02437,0.907,0.617,0.806,1
AP00750,0.046,0.087,0.209,0
DRAMP00464,0.975,0.763,0.921,1
I1SB07,0.996,0.945,0.992,1
Q7M3I9,0.013,0.094,0.013,0
Q03284,0.006,0.042,0.033,0
P86367,0,0.008,0.003,0
A8G2R3,0.004,0.074,0.01,0
AMPEP268,0.163,0.645,0.122,1
AP02721,0.062,0.362,0.171,0
P22691,0.607,0.388,0.241,1
DRAMP00638,0.984,0.936,0.971,1
P33047,0.016,0.21,0.029,0
O28792,0.041,0.312,0.04,0
P14453,0.007,0.062,0.012,0
AMPEP252,0.998,0.968,0.993,1
AP01530,0.939,0.208,0.54,1
DRAMP01279,0.307,0.071,0.063,0
P54483,0.726,0.829,0.507,1
O30182,0.119,0.373,0.12,0
O28770,0.183,0.467,0.069,0
P0DSF1,0.514,0.481,0.236,1
AMPEP522,0.034,0.033,0.037,0
DRAMP00621,1,0.992,1,1
C0H3Z5,0.438,0.377,0.581,1
AMPEP397,0.988,0.967,0.985,1
DRAMP00972,0.843,0.622,0.672,1
P86051,0.102,0.132,0.04,0
AMPEP58,0.999,0.982,0.999,1
DRAMP18667,0.782,0.827,0.253,1
P81360,0.159,0.144,0.07,0
DRAMP01407,0.586,0.585,0.556,1
DRAMP20812,0.997,0.969,0.993,1
AP02424,0.986,0.892,0.964,1
O22860,0.748,0.763,0.88,1
AMPEP395,0.999,0.972,0.997,1
P18676,0.492,0.277,0.118,0
P76611,0.291,0.702,0.149,1
AP00208,0.346,0.516,0.337,1
AP02584,0.975,0.639,0.915,1
P80938,0.026,0.437,0.123,0
AMPEP325,0.993,0.891,0.959,1
DRAMP03417,0.327,0.729,0.377,1
B0TZ67,0.074,0.576,0.055,1
AP00211,0.962,0.937,0.92,1
DRAMP02785,0.777,0.611,0.564,1
P39247,0.5,0.327,0.116,0
DRAMP04463,0.778,0.74,0.695,1
P83540,0.095,0.188,0.03,0
AMPEP377,0.901,0.855,0.962,1
DRAMP18631,0.915,0.569,0.852,1
DRAMP01461,0.997,0.943,0.986,1
AMPEP169,0.975,0.918,0.935,1
DRAMP00725,0.999,0.982,0.992,1
DRAMP04468,0.992,0.947,0.959,1
Q9CXS4,0.994,0.891,0.973,1
Q8HS25,0.02,0.22,0.075,0
DRAMP01358,0.982,0.721,0.992,1
AP02432,0.468,0.296,0.233,0
Q09115,0.074,0.382,0.072,0
DRAMP04308,0.923,0.357,0.573,1
DRAMP01075,0.939,0.843,0.951,1
A2BDC9,0.995,0.979,0.991,1
DRAMP04636,0.984,0.661,0.969,1
DRAMP21193,0.949,0.792,0.748,1
P0DKI9,0.546,0.486,0.833,1
AP02841,0.989,0.913,0.98,1
AMPEP281,0.928,0.88,0.932,1
AMPEP449,0.995,0.943,0.997,1
AP01822,0.88,0.487,0.941,1
AP01704,0.998,0.944,0.986,1
P81096,0.62,0.357,0.192,1
Q3E7Z1,0.546,0.639,0.678,1
P55563,0.253,0.79,0.53,1
AP00587,0.997,0.76,0.994,1
P80609,0.582,0.42,0.574,1
AMPEP642,0.998,0.922,0.996,1
Q9FJK6,0.976,0.777,0.919,1
AP03012,0.99,0.87,0.986,1
DRAMP00517,0.997,0.954,0.99,1
AP00075,0.939,0.159,0.933,1
DRAMP00867,0.918,0.889,0.826,1
P57017,0.573,0.323,0.542,1
C0HKF3,0.021,0.223,0.03,0
AP01471,0.939,0.418,0.92,1
Q18336,0.973,0.882,0.929,1
AP02299,0.998,0.879,0.992,1
DRAMP01405,0.987,0.703,0.986,1
P44294,0.03,0.176,0.019,0
P42987,0.172,0.081,0.042,0
P81671,0,0.014,0.004,0
P85581,0.095,0.043,0.084,0
P16654,0.99,0.968,0.968,1
DRAMP18278,0.86,0.59,0.661,1
Q9MS71,0.039,0.458,0.083,0
DRAMP21284,0.919,0.889,0.881,1
DRAMP18146,0.985,0.929,0.977,1
DRAMP18339,0.772,0.587,0.517,1
P83604,0.478,0.576,0.627,1
DRAMP01973,0.782,0.355,0.769,1
AP01997,0.635,0.261,0.272,1
DRAMP04214,0.777,0.868,0.5,1
P0C154,0.997,0.965,0.992,1
AP02786,0.996,0.923,0.993,1
P19047,0.022,0.056,0.013,0
Q57953,0.98,0.86,0.724,1
AP00189,0.988,0.951,0.977,1
DRAMP03552,0.882,0.814,0.855,1
B9ES20,0.42,0.476,0.105,0
A6M0F0,0.011,0.1,0.01,0
P0CJ75,0.006,0.064,0.071,0
DRAMP18411,0.882,0.462,0.911,1
DRAMP01535,0.948,0.892,0.897,1
AP02267,0.248,0.202,0.743,1
AMPEP505,0.279,0.493,0.114,0
C0HJJ0,0.311,0.516,0.231,1
DRAMP04696,0.172,0.265,0.439,0
AP00385,0.954,0.485,0.958,1
DRAMP02563,0.173,0.465,0.051,0
P35987,0.031,0.162,0.016,0
P0DMG7,0.338,0.445,0.042,0
P78569,0.724,0.812,0.486,1
C0HJS8,0.98,0.885,0.928,1
B1JDZ6,0.028,0.117,0.033,0
AP00270,0.939,0.695,0.97,1
DRAMP04700,0.945,0.846,0.961,1
P83204,0.1,0.14,0.187,0
DRAMP18669,0.976,0.796,0.944,1
Q25BI1,0.089,0.151,0.155,0
Q4L2X2,0.206,0.303,0.177,0
DRAMP00890,0.988,0.934,0.822,1
B0V498,0.025,0.216,0.023,0
C0HL43,0.567,0.328,0.755,1
Q56462,0.008,0.122,0.008,0
AMPEP326,0.981,0.891,0.917,1
O34489,0.644,0.627,0.607,1
P86338,0.329,0.213,0.138,0
P86343,0.786,0.485,0.383,1
Q7A3D7,0.781,0.602,0.672,1
AMPEP604,0.984,0.723,0.946,1
Q7YRF4,0.034,0.34,0.138,0
A6VHX2,0.995,0.916,0.995,1
AP01356,0.997,0.953,0.997,1
P85871,0.283,0.347,0.204,0
DRAMP02538,0.562,0.69,0.292,1
Q8MN48,0.062,0.218,0.073,0
Q07535,0.759,0.899,0.679,1
DRAMP00959,0.981,0.865,0.967,1
Q86HT3,0.127,0.36,0.2,0
P23171,0.353,0.668,0.138,1
P14313,0.163,0.11,0.209,0
AP00197,0.971,0.776,0.706,1
DRAMP00568,0.995,0.784,0.996,1
DRAMP03562,0.809,0.901,0.45,1
C0LNR2,0.917,0.81,0.866,1
Q9UTP3,0.047,0.294,0.183,0
A4QI94,0.076,0.67,0.122,1
A8MTW9,0.033,0.177,0.106,0
AP00711,0.997,0.988,0.995,1
AP02655,0.939,0.774,0.801,1
DRAMP00941,0.995,0.807,0.977,1
DRAMP04466,0.559,0.526,0.548,1
Q58230,0.185,0.275,0.111,0
AMPEP340,0.175,0.275,0.077,0
A2C3M5,0,0.048,0,0
B0M3D4,0.003,0.012,0.023,0
AP03129,0.037,0.041,0.031,0
P80809,0.257,0.07,0.207,0
DRAMP01512,0.16,0.205,0.181,0
P84661,0.409,0.127,0.529,1
DRAMP21324,0.861,0.892,0.171,1
B5ZB60,0.964,0.953,0.927,1
P01154,0.474,0.387,0.468,0
P52251,0.933,0.856,0.854,1
Q56715,0.078,0.03,0.06,0
Q3V4T3,0.148,0.344,0.061,0
DRAMP00580,0.752,0.705,0.817,1
DRAMP01718,0.986,0.3,0.763,1
Q7NHY3,0.811,0.343,0.478,1
P0DQF8,0.271,0.521,0.133,1
A5GJH8,0.09,0.113,0.071,0
DRAMP01088,0.986,0.778,0.911,1
P81246,0.005,0.052,0.011,0
P49512,0.03,0.089,0.038,0
DRAMP21646,0.083,0.079,0.222,0
P21733,0.823,0.601,0.629,1
AP01981,0.851,0.789,0.92,1
P0DPJ7,0.942,0.962,0.913,1
Q9MUM6,0.007,0.16,0.013,0
DRAMP03041,0.996,0.931,0.966,1
Q57755,0.405,0.373,0.177,0
P42030,0.466,0.807,0.525,1
A0A089QKZ7,0.125,0.122,0.465,0
Q0P3J9,0.424,0.454,0.222,0
P0DOZ0,0.987,0.946,0.981,1
AMPEP366,0.139,0.36,0.141,0
P17233,0.9,0.822,0.851,1
AP01908,0.774,0.466,0.921,1
DRAMP02847,0.032,0.166,0.026,0
Q6GZR4,0.108,0.128,0.085,0
P80514,0.003,0.099,0.009,0
P81609,0.063,0.101,0.023,0
AP00651,0.999,0.954,0.998,1
DRAMP20880,0.957,0.66,0.947,1
AP02637,0.723,0.436,0.851,1
DRAMP00496,0.939,0.812,0.853,1
DRAMP01317,0.931,0.783,0.808,1
DRAMP04114,0.963,0.698,0.939,1
DRAMP21140,0.991,0.746,0.989,1
DRAMP00485,0.988,0.85,0.937,1
P29604,0.879,0.492,0.56,1
AP01431,0.992,0.616,0.987,1
DRAMP01178,0.996,0.841,0.958,1
DRAMP00871,0.948,0.898,0.881,1
P22661,0.22,0.585,0.073,1
Q0THU0,0.069,0.292,0.244,0
AP00550,0.997,0.958,0.996,1
DRAMP02297,0.143,0.34,0.094,0
Q9Z3G1,0.068,0.428,0.1,0
DRAMP00622,0.999,0.989,0.998,1
P0C2S2,0.473,0.056,0.076,0
AP01957,0.805,0.609,0.901,1
P84981,0.201,0.208,0.114,0
C1P619,0.438,0.241,0.272,0
AMPEP556,0.992,0.944,0.976,1
Q00276,0.582,0.471,0.403,1
Q9GQV7,0.597,0.816,0.881,1
AP02966,0.393,0.589,0.549,1
AP00500,0.998,0.832,0.988,1
Q55GS1,0.262,0.4,0.33,0
C7T1P1,0.995,0.681,0.988,1
DRAMP00234,0.565,0.118,0.266,1
AMPEP597,0.83,0.252,0.514,1
P0C269,0.298,0.795,0.301,1
Q1CFG8,0.064,0.097,0.04,0
A4ZUB9,0.018,0.295,0.013,0
C3LMW6,0.577,0.811,0.411,1
AP02959,0.98,0.952,0.948,1
Q197C3,0.937,0.884,0.914,1
O83793,0.217,0.449,0.444,0
AP02678,0.347,0.101,0.169,0
P30326,0.292,0.404,0.385,0
AP02172,0.909,0.479,0.909,1
DRAMP21083,0.968,0.973,0.954,1
DRAMP18366,0.583,0.268,0.173,1
DRAMP02123,0.984,0.571,0.918,1
P54712,0.082,0.103,0.201,0
AMPEP441,0.992,0.92,0.973,1
P81085,0.073,0.121,0.039,0
P85738,0.18,0.029,0.087,0
P80621,0.037,0.037,0.016,0
DRAMP04616,0.216,0.058,0.063,0
DRAMP21225,0.694,0.692,0.375,1
P85809,0.666,0.394,0.508,1
DRAMP21184,0.6,0.336,0.403,1
P83121,0.979,0.945,0.904,1
DRAMP01280,0.532,0.191,0.398,1
DRAMP01705,0.43,0.263,0.471,0
P09567,0.009,0.033,0.027,0
Q7M1L0,0.404,0.208,0.291,0
P56682,0.93,0.649,0.768,1
AP01726,0.905,0.571,0.96,1
Q07642,0.004,0.022,0.009,0
DRAMP00964,0.982,0.594,0.93,1
P81590,0.108,0.177,0.024,0
DRAMP02465,0.24,0.257,0.281,0
AP00671,0.584,0.379,0.134,1
DRAMP02478,0.314,0.225,0.172,0
P12666,0.022,0.127,0.036,0
P84876,0.059,0.03,0.015,0
F5HDE7,0.2,0.219,0.06,0
DRAMP00632,0.987,0.927,0.966,1
Q09053,0.677,0.397,0.516,1
DRAMP01559,0.939,0.929,0.905,1
DRAMP02941,0.944,0.79,0.941,1
AP01522,0.047,0.059,0.039,0
P72180,0.437,0.149,0.415,0
AP00030,0.394,0.236,0.316,0
AMPEP732,0.978,0.911,0.683,1
O31719,0.057,0.346,0.026,0
Q14FE7,0.146,0.32,0.336,0
AP01763,0.223,0.278,0.101,0
DRAMP04225,0.86,0.146,0.508,1
P34033,0.372,0.208,0.248,0
O32136,0.872,0.817,0.563,1
AP00233,0.295,0.212,0.217,0
B4GHS8,0.241,0.361,0.182,0
AP01707,0.751,0.683,0.92,1
DRAMP00351,0.97,0.903,0.982,1
P0DSF8,0.205,0.597,0.099,1
DRAMP00159,0.921,0.373,0.657,1
P0C7Y5,0.946,0.722,0.937,1
DRAMP04702,0.115,0.171,0.051,0
DRAMP03545,0.628,0.379,0.825,1
O13566,0.714,0.637,0.457,1
DRAMP03781,0.982,0.864,0.977,1
AMPEP135,0.639,0.217,0.793,1
DRAMP00442,0.985,0.662,0.914,1
AMPEP407,0.987,0.904,0.976,1
P82989,0.008,0.046,0.004,0
AMPEP81,0.994,0.821,0.97,1
DRAMP01878,0.999,0.789,0.996,1
DRAMP04367,0.629,0.744,0.287,1
DRAMP21190,0.94,0.907,0.953,1
A0A075B6S0,0.471,0.09,0.146,0
O87786,0.004,0.02,0.005,0
P56710,0.971,0.917,0.912,1
P0DUH4,0.153,0.18,0.086,0
AP00379,0.946,0.819,0.95,1
DRAMP01865,0.604,0.723,0.546,1
A6ZYX9,0.157,0.515,0.389,1
AMPEP264,0.943,0.822,0.933,1
P30806,0.13,0.249,0.038,0
P03084,0.044,0.236,0.127,0
C0HJM0,0.054,0.121,0.052,0
AP00425,0.971,0.7,0.963,1
P17961,0.003,0.024,0.007,0
DRAMP02301,0.339,0.448,0.229,0
P81072,0.144,0.286,0.202,0
P83607,0.5,0.04,0.477,0
P09692,0.014,0.097,0.06,0
P10489,0.856,0.399,0.788,1
P84746,0.56,0.249,0.347,1
DRAMP04481,0.391,0.324,0.164,0
P86165,0.996,0.857,0.97,1
A0A0J9YXG5,0.083,0.038,0.055,0
DRAMP02540,0.317,0.712,0.376,1
AMPEP352,0.965,0.904,0.97,1
B8D828,0.92,0.893,0.817,1
AP00251,0.743,0.195,0.285,1
A6Q1I7,0.918,0.904,0.907,1
DRAMP03717,0.171,0.243,0.33,0
DRAMP18422,0.995,0.986,0.997,1
DRAMP21088,0.751,0.946,0.229,1
P0CI46,0.929,0.81,0.898,1
Q7M463,0.928,0.626,0.825,1
Q4G371,0.04,0.08,0.038,0
P85957,0.392,0.403,0.136,0
DRAMP00607,0.998,0.983,0.984,1
DRAMP00590,0.955,0.834,0.937,1
B3EWM1,0.5,0.363,0.093,0
P14485,0.438,0.277,0.09,0
Q6LYT4,0.295,0.514,0.129,1
DRAMP04287,0.945,0.71,0.846,1
AMPEP623,1,0.994,0.996,1
P0C1X3,0.601,0.617,0.579,1
Q19VC5,0.005,0.11,0.021,0
AP01919,0.051,0.165,0.052,0
Q3AY07,0.213,0.385,0.165,0
Q3ITN6,0.015,0.066,0.029,0
P0DSH0,0.04,0.309,0.048,0
Q54V36,0.195,0.54,0.113,1
AMPEP374,0.999,0.965,0.996,1
DRAMP00056,0.983,0.899,0.875,1
AP01283,0.027,0.074,0.152,0
Q96VG5,0.06,0.276,0.105,0
DRAMP03971,0.968,0.912,0.955,1
Q52784,0.178,0.436,0.131,0
DRAMP00868,0.992,0.977,0.933,1
AP02012,0.881,0.708,0.875,1
A8MC80,0.102,0.342,0.07,0
AP01193,0.968,0.875,0.762,1
P81361,0.209,0.32,0.077,0
P84847,0.067,0.072,0.063,0
Q3E7Y6,0.053,0.488,0.088,0
C0HJY9,0.994,0.941,0.99,1
Q05055,0.12,0.551,0.1,1
AMPEP293,0.991,0.978,0.995,1
AP01232,0.909,0.532,0.482,1
AMPEP33,0.942,0.9,0.872,1
DRAMP00576,0.984,0.876,0.982,1
DRAMP18480,0.852,0.642,0.447,1
O34608,0.858,0.873,0.905,1
AP00774,0.997,0.909,0.992,1
Q31LM3,0.004,0.036,0.015,0
P14452,0.079,0.058,0.049,0
Q5WFM7,0.078,0.443,0.097,0
AMPEP16,0.99,0.912,0.939,1
DRAMP00661,0.766,0.526,0.816,1
P85935,0.142,0.264,0.237,0
DRAMP03294,0.955,0.867,0.904,1
P84189,0.043,0.329,0.071,0
AP01642,0.867,0.727,0.92,1
DRAMP03185,0.96,0.903,0.967,1
P86331,0.04,0.053,0.062,0
DRAMP00734,0.987,0.904,0.973,1
DRAMP01340,0.601,0.283,0.159,1
AP01472,0.54,0.382,0.355,1
AP02746,0.7,0.785,0.715,1
P85916,0.895,0.724,0.5,1
P0DKJ1,0.697,0.709,0.277,1
AP03060,0.766,0.671,0.647,1
B3A0K4,0.016,0.167,0.078,0
P86462,0.991,0.883,0.989,1
P0AF25,0.995,0.92,0.985,1
AMPEP186,0.356,0.579,0.412,1
P0DPF1,0.986,0.776,0.991,1
B3A060,0.332,0.19,0.224,0
AP00670,0.573,0.31,0.158,1
P53092,0.937,0.914,0.878,1
DRAMP21330,0.728,0.586,0.35,1
P28204,0.966,0.951,0.948,1
P80793,0.19,0.545,0.157,1
AMPEP215,0.97,0.887,0.921,1
Q58942,0.725,0.909,0.731,1
P0CI12,0.994,0.974,0.923,1
B8FCY3,0.683,0.762,0.704,1
P56268,0.05,0.165,0.082,0
DRAMP01212,0.109,0.292,0.563,1
P84554,0.19,0.217,0.06,0
B1YAT9,0.973,0.944,0.965,1
DRAMP21645,0.124,0.159,0.111,0
O68693,0.086,0.195,0.136,0
P27388,0.035,0.247,0.036,0
P11419,0.282,0.197,0.325,0
P0CJ76,0.044,0.034,0.085,0
AMPEP748,0.069,0.408,0.061,0
P0DKT7,0.273,0.195,0.082,0
P58915,0.966,0.891,0.626,1
A0A075B700,0.091,0.066,0.094,0
AP02604,0.983,0.667,0.952,1
Q23982,0.136,0.5,0.198,0
B1P1H0,0.817,0.559,0.874,1
P37200,0.067,0.423,0.159,0
DRAMP00506,0.991,0.948,0.951,1
C0HLQ5,0.079,0.369,0.161,0
DRAMP18417,0.982,0.882,0.992,1
DRAMP04250,0.994,0.83,0.854,1
A0A023IWK6,0.011,0.169,0.009,0
DRAMP20900,0.957,0.77,0.957,1
B3EWT9,0.994,0.738,0.989,1
P82332,0.006,0.051,0.031,0
DRAMP00525,0.986,0.942,0.876,1
AP02961,0.969,0.819,0.955,1
P01251,0.005,0.061,0.005,0
AP03120,0.739,0.43,0.545,1
Q8SL91,0.492,0.624,0.262,1
AP01947,0.988,0.788,0.995,1
DRAMP00721,0.778,0.545,0.941,1
Q9H2I8,0.942,0.918,0.912,1
AMPEP486,0.999,0.989,0.999,1
P0DJ07,0.091,0.608,0.058,1
Q02590,0.652,0.832,0.564,1
C3P914,0.055,0.205,0.086,0
DRAMP18434,0.995,0.811,0.975,1
P35430,0.125,0.145,0.188,0
AP01154,0.824,0.774,0.44,1
AMPEP733,0.98,0.935,0.836,1
DRAMP03259,0.997,0.926,0.993,1
AP02521,0.823,0.232,0.728,1
DRAMP04024,0.36,0.208,0.247,0
P84072,0.07,0.131,0.085,0
Q1ZXP3,0.95,0.681,0.896,1
P86308,0.607,0.267,0.636,1
DRAMP02655,0.075,0.377,0.055,0
Q98R67,0.923,0.949,0.906,1
P19122,0.03,0.075,0.074,0
P60246,0.965,0.914,0.981,1
P80472,0.004,0.019,0.005,0
P0DQH8,0.862,0.922,0.885,1
DRAMP03140,0.99,0.754,0.972,1
DRAMP02152,0.045,0.157,0.039,0
AP00640,0.903,0.904,0.659,1
DRAMP00516,0.992,0.926,0.957,1
B1X3V8,0.244,0.324,0.114,0
P85994,0.061,0.158,0.071,0
P86818,0.286,0.412,0.33,0
P86425,0.571,0.376,0.425,1
DRAMP00051,0.914,0.638,0.575,1
Q96627,0.273,0.098,0.064,0
P48272,0.052,0.478,0.083,0
P0C1M8,0.872,0.867,0.615,1
P58690,0.883,0.593,0.419,1
DRAMP02195,0.914,0.237,0.899,1
DRAMP01077,0.977,0.923,0.985,1
A7H2Q0,0.227,0.656,0.188,1
P93377,0.712,0.642,0.912,1
AP02414,0.953,0.667,0.977,1
AP00884,0.042,0.069,0.075,0
AP00149,0.993,0.924,0.948,1
P84826,0.741,0.641,0.811,1
P0DSN5,0.097,0.5,0.029,0
Q0ICR3,0.442,0.763,0.619,1
DRAMP04414,0.985,0.883,0.933,1
DRAMP02537,0.123,0.304,0.147,0
P48102,0.23,0.663,0.452,1
AP03043,0.592,0.806,0.79,1
P0DJE1,0.061,0.097,0.036,0
DRAMP01404,0.815,0.725,0.936,1
P84556,0.185,0.118,0.048,0
Q6EW69,0.092,0.322,0.175,0
DRAMP00647,0.942,0.918,0.942,1
AP01768,0.516,0.777,0.639,1
P84807,0.011,0.205,0.021,0
AMPEP273,0.863,0.421,0.543,1
DRAMP03367,0.938,0.642,0.887,1
DRAMP01864,0.939,0.586,0.933,1
DRAMP00928,0.987,0.903,0.873,1
AMPEP624,0.914,0.88,0.925,1
DRAMP04360,0.801,0.74,0.329,1
AMPEP19,0.965,0.866,0.968,1
AMPEP431,0.101,0.517,0.074,1
P84352,0.086,0.081,0.153,0
Q8TYF0,0.568,0.692,0.577,1
P82004,0.035,0.03,0.027,0
Q2V2Q3,0.239,0.22,0.334,0
AP00076,0.992,0.745,0.989,1
AMPEP750,0.997,0.945,0.991,1
AP02536,0.832,0.423,0.826,1
DRAMP00659,0.677,0.418,0.578,1
AMPEP339,0.985,0.228,0.419,1
DRAMP01007,0.995,0.966,0.986,1
P83799,0.995,0.816,0.979,1
Q9MS77,0.014,0.149,0.041,0
AMPEP654,0.998,0.918,0.994,1
P82333,0.463,0.619,0.44,1
Q8L8Y3,0.19,0.585,0.202,1
P51355,0.241,0.708,0.145,1
DRAMP04677,0.612,0.835,0.5,1
DRAMP04641,0.813,0.558,0.833,1
AP01917,0.994,0.827,0.94,1
P85296,0.178,0.051,0.12,0
P0C2M7,0.23,0.218,0.352,0
P14466,0.01,0.02,0.024,0
AP00085,0.996,0.846,0.997,1
P44125,0.972,0.868,0.814,1
DRAMP21355,0.828,0.708,0.463,1
P83505,0.029,0.056,0.043,0
P85920,0.179,0.233,0.093,0
P0AD74,0.196,0.546,0.148,1
P14460,0.027,0.023,0.018,0
DRAMP04688,0.248,0.188,0.167,0
Q96353,0.977,0.842,0.958,1
P0DPO6,0.077,0.063,0.059,0
AP02348,0.655,0.12,0.739,1
Q3E813,0.058,0.327,0.054,0
DRAMP03920,0.983,0.809,0.986,1
AP03138,0.982,0.703,0.871,1
DRAMP00947,0.968,0.766,0.977,1
AMPEP233,0.957,0.579,0.651,1
P11341,0.857,0.666,0.706,1
DRAMP03026,0.889,0.813,0.844,1
O29364,0.179,0.339,0.214,0
Q10986,0.054,0.12,0.042,0
A0A023IWK3,0.088,0.265,0.036,0
C0HLQ4,0,0.086,0.005,0
DRAMP04327,0.168,0.34,0.101,0
DRAMP00327,0.009,0.128,0.008,0
DRAMP00585,0.986,0.908,0.988,1
P37817,0.883,0.864,0.953,1
P80605,0.064,0.084,0.029,0
DRAMP20841,0.696,0.708,0.386,1
DRAMP00830,0.984,0.909,0.861,1
P01363,0,0.1,0.009,0
DRAMP04496,0.941,0.921,0.843,1
A4FPK7,0.091,0.55,0.13,1
Q44510,0.993,0.942,0.979,1
P49266,0.962,0.78,0.832,1
AMPEP428,0.992,0.919,0.977,1
DRAMP02461,0.014,0.099,0.011,0
DRAMP01604,0.969,0.645,0.667,1
P80936,0.121,0.399,0.323,0
DRAMP03852,0.634,0.192,0.449,1
P84548,0.018,0.077,0.013,0
AP01543,0.939,0.814,0.93,1
A0A075B6Y3,0.514,0.223,0.416,1
AP02084,0.641,0.662,0.621,1
P81422,0.133,0.112,0.112,0
AP01951,0.94,0.683,0.95,1
AP01416,0.996,0.828,0.995,1
P86536,0.022,0.095,0.008,0
Q05246,0.005,0.1,0.038,0
DRAMP02917,0.994,0.981,0.993,1
DRAMP04451,0.906,0.664,0.91,1
DRAMP00895,0.977,0.927,0.961,1
Q05827,0.934,0.749,0.787,1
P69035,0.904,0.762,0.863,1
AP02233,0.999,0.985,0.997,1
C0HJB4,0.811,0.57,0.554,1
AMPEP446,0.968,0.745,0.926,1
DRAMP00844,0.949,0.871,0.727,1
DRAMP04510,0.565,0.574,0.454,1
AP00110,0.91,0.646,0.853,1
AMPEP219,0.939,0.88,0.859,1
DRAMP04263,0.209,0.513,0.109,1
DRAMP20934,0.859,0.731,0.766,1
P15971,0.993,0.915,0.967,1
O28121,0.112,0.178,0.047,0
P0C8X1,0.067,0.203,0.025,0
AP01674,0.964,0.947,0.92,1
P11500,0.023,0.172,0.034,0
AP02396,0.95,0.505,0.852,1
P0C8C4,0.058,0.029,0.017,0
P58566,0.383,0.471,0.519,1
DRAMP18498,0.735,0.514,0.637,1
DRAMP21104,0.994,0.809,0.975,1
DRAMP00922,0.996,0.967,0.984,1
B3A0E8,0.035,0.162,0.132,0
B1VKE4,0.01,0.15,0.01,0
DRAMP00531,0.997,0.966,0.974,1
Q9PCT9,0.757,0.819,0.852,1
Q4V7L5,0.834,0.686,0.66,1
Q64202,0.021,0.076,0.033,0
A0T0B4,0.033,0.221,0.029,0
P80821,0.235,0.057,0.085,0
P0DL24,0.61,0.239,0.818,1
DRAMP04021,0.695,0.201,0.436,1
O34923,0.04,0.647,0.082,1
AP02446,0.02,0.174,0.061,0
AP02999,0.244,0.279,0.249,0
O74735,0.162,0.481,0.096,0
AP03049,0.433,0.599,0.719,1
P41864,0.186,0.18,0.215,0
DRAMP02614,0.924,0.77,0.869,1
P00728,0.015,0.088,0.023,0
A4H804,0.948,0.913,0.901,1
DRAMP02479,0.981,0.884,0.911,1
B3EWW0,0.956,0.537,0.893,1
AMPEP567,0.991,0.967,0.987,1
AP02934,0.389,0.216,0.074,0
P59909,0.927,0.845,0.948,1
P0CH15,0.932,0.969,0.814,1
DRAMP00523,0.871,0.822,0.768,1
Q3E808,0.846,0.873,0.834,1
DRAMP03039,0.978,0.376,0.974,1
DRAMP01894,0.992,0.865,0.992,1
P0CI09,0.925,0.893,0.831,1
DRAMP21643,0.222,0.223,0.383,0
DRAMP00747,0.427,0.403,0.524,1
P20137,0.152,0.513,0.228,1
P0DPL2,0.924,0.949,0.903,1
P85375,0.574,0.229,0.202,1
DRAMP02361,0.975,0.667,0.961,1
DRAMP01045,0.988,0.907,0.986,1
P84974,0.198,0.406,0.122,0
AP02549,0.96,0.611,0.837,1
Q55G14,0.102,0.151,0.062,0
DRAMP02179,0.484,0.266,0.378,0
AP03154,0.737,0.209,0.64,1
AP02248,0.157,0.416,0.209,0
AP02726,0.997,0.742,0.965,1
O31941,0.76,0.917,0.934,1
DRAMP00581,0.993,0.875,0.99,1
P0DPL5,0.987,0.96,0.979,1
Q54R66,0.862,0.447,0.897,1
P17684,0.134,0.12,0.05,0
P62183,0.85,0.758,0.574,1
DRAMP21044,0.854,0.919,0.635,1
Q9X520,0.171,0.186,0.079,0
AP01185,0.851,0.358,0.737,1
DRAMP18348,0.747,0.589,0.26,1
AP00562,0.729,0.5,0.436,1
AP03018,0.638,0.565,0.297,1
AP02453,0.058,0.211,0.073,0
B3EWT1,0.997,0.919,0.995,1
O34464,0.413,0.635,0.558,1
A2C002,0.962,0.957,0.928,1
DRAMP18111,0.998,0.976,0.996,1
AP01912,0.489,0.303,0.538,1
P40849,0.221,0.124,0.024,0
AMPEP473,0.996,0.898,0.987,1
DRAMP00133,0.962,0.873,0.613,1
P0CX86,0.884,0.87,0.572,1
Q9QAR4,0.02,0.073,0.023,0
AP01804,0.893,0.865,0.956,1
AMPEP552,0.963,0.904,0.934,1
P85509,0.07,0.03,0.022,0
Q99039,0.038,0.646,0.087,1
DRAMP00741,0.876,0.875,0.623,1
AMPEP664,0.747,0.565,0.622,1
B3EWU1,0.983,0.469,0.892,1
P20242,0.097,0.331,0.065,0
AP01327,0.986,0.71,0.982,1
AP00888,0.999,0.868,0.995,1
P62227,0.751,0.788,0.864,1
AMPEP51,0.988,0.936,0.991,1
O97420,0.561,0.559,0.452,1
P0C8U3,0.955,0.728,0.865,1
P85493,0.642,0.236,0.097,1
P21710,0.009,0.032,0.039,0
P80897,0.186,0.421,0.247,0
DRAMP02539,0.211,0.632,0.248,1
O83253,0.433,0.606,0.424,1
DRAMP00608,0.999,0.982,0.993,1
AP02704,0.971,0.827,0.971,1
AMPEP253,0.998,0.967,0.996,1
O46201,0.915,0.856,0.925,1
Q96IR3,0.017,0.147,0.011,0
Q45RU8,0.916,0.864,0.938,1
AMPEP125,0.946,0.905,0.781,1
Q99380,0.014,0.078,0.02,0
DRAMP21358,0.845,0.713,0.51,1
Q10493,0.955,0.849,0.91,1
DRAMP00726,0.999,0.981,0.99,1
Q914M9,0.125,0.164,0.294,0
AMPEP438,0.998,0.955,0.986,1
AMPEP412,0.998,0.983,0.998,1
AP01194,0.979,0.821,0.837,1
AP02914,0.624,0.678,0.458,1
DRAMP01150,0.991,0.507,0.844,1
Q3ISB2,0.225,0.065,0.363,0
AP00714,0.986,0.939,0.984,1
AMPEP580,0.996,0.896,0.978,1
DRAMP01591,0.999,0.931,0.994,1
DRAMP02305,0.085,0.228,0.061,0
P0C8I7,0.199,0.156,0.047,0
AP02306,0.322,0.123,0.671,1
DRAMP00611,0.997,0.955,0.993,1
AMPEP356,0.987,0.939,0.972,1
DRAMP21059,0.964,0.938,0.94,1
AP01523,0.956,0.718,0.978,1
AP00434,0.798,0.584,0.763,1
B1XL26,0.745,0.918,0.822,1
A0A023IWK7,0.037,0.165,0.019,0
DRAMP20777,0.986,0.932,0.978,1
P49828,0.834,0.811,0.855,1
B0VA17,0.511,0.439,0.341,1
AP03118,0.996,0.989,0.983,1
AP01769,0.976,0.955,0.984,1
P59834,0,0.063,0.008,0
AMPEP288,0.999,0.983,0.996,1
Q0G9V2,0.022,0.082,0.023,0
P0C5N9,0.842,0.855,0.912,1
P76231,0.258,0.579,0.288,1
P0C8U5,0.996,0.974,0.986,1
DRAMP21192,0.506,0.609,0.288,1
O78448,0.006,0.054,0.011,0
DRAMP18677,0.009,0.041,0.014,0
AMPEP132,0.996,0.942,0.991,1
AP01972,0.625,0.5,0.365,1
DRAMP02205,0.724,0.572,0.724,1
Q98EB7,0.666,0.394,0.477,1
B0G125,0.959,0.621,0.825,1
P84733,0,0.017,0.007,0
Q9PKS8,0.996,0.949,0.977,1
AP02943,0.186,0.198,0.167,0
DRAMP00401,0.91,0.761,0.811,1
AP00319,0.962,0.599,0.805,1
C0HJD0,0.046,0.106,0.095,0
DRAMP00291,0.986,0.793,0.989,1
DRAMP00441,0.99,0.657,0.968,1
AMPEP574,0.998,0.931,0.994,1
O83740,0.013,0.083,0.021,0
O26125,0.98,0.941,0.993,1
AP00142,0.985,0.237,0.431,1
AP00262,0.73,0.253,0.709,1
AP01727,0.807,0.49,0.92,1
AP00536,0.686,0.5,0.753,1
AMPEP226,0.917,0.428,0.62,1
DRAMP18688,0.485,0.389,0.637,1
A0A023UBA8,0.024,0.257,0.016,0
DRAMP03830,0.99,0.894,0.96,1
DRAMP03780,0.977,0.935,0.981,1
DRAMP21385,0.871,0.677,0.728,1
O19098,0.014,0.077,0.07,0
DRAMP18514,0.918,0.669,0.807,1
AP03001,0.667,0.708,0.471,1
O29613,0.045,0.309,0.059,0
DRAMP21036,0.97,0.935,0.966,1
C0HLM8,0.22,0.292,0.214,0
AMPEP266,0.96,0.342,0.735,1
DRAMP01837,0.997,0.802,0.99,1
P13774,0.143,0.228,0.22,0
Q05BU3,0.041,0.04,0.105,0
P80623,0.863,0.595,0.625,1
DRAMP00605,0.996,0.924,0.966,1
AP02499,0.217,0.152,0.139,0
P81588,0.021,0.141,0.018,0
AP01456,0.939,0.913,0.913,1
DRAMP00793,0.998,0.966,0.991,1
DRAMP02198,0.683,0.613,0.486,1
DRAMP02548,0.1,0.691,0.07,1
P41462,0.064,0.127,0.199,0
AMPEP153,0.956,0.5,0.9,1
P86660,0.683,0.172,0.78,1
DRAMP18110,0.993,0.852,0.87,1
Q3E762,0.177,0.245,0.257,0
AP01273,0.985,0.832,0.963,1
P84286,0.196,0.13,0.096,0
AP02650,0.939,0.733,0.954,1
P85928,0.152,0.156,0.09,0
DRAMP21143,0.915,0.508,0.899,1
P81532,0.428,0.131,0.109,0
Q9W4L1,0.147,0.779,0.492,1
AMPEP517,0.766,0.697,0.254,1
P0CL23,0.166,0.244,0.029,0
DRAMP04396,0.897,0.73,0.885,1
P81673,0.21,0.377,0.155,0
DRAMP04293,0.953,0.605,0.684,1
AMPEP592,0.998,0.862,0.996,1
AP02341,0.799,0.631,0.738,1
Q85FX7,0.073,0.277,0.065,0
DRAMP00481,0.997,0.889,0.98,1
P84708,0.096,0.149,0.058,0
DRAMP00744,0.853,0.852,0.757,1
O30163,0.062,0.183,0.056,0
AP02646,0.99,0.74,0.778,1
Q1KVV5,0.026,0.562,0.086,1
P14592,0.1,0.353,0.049,0
Q25BI9,0.524,0.261,0.433,1
B3EWW5,0.078,0.335,0.113,0
DRAMP18687,0.789,0.881,0.954,1
P43968,0.257,0.73,0.133,1
DRAMP04119,0.951,0.711,0.874,1
DRAMP00559,0.957,0.807,0.861,1
Q5SY13,0.018,0.429,0.186,0
AP02887,0.091,0.185,0.038,0
DRAMP18407,0.865,0.589,0.68,1
P42986,0.355,0.09,0.077,0
AP02916,0.517,0.406,0.448,1
P86277,0.005,0.053,0.003,0
DRAMP04620,0.996,0.954,0.994,1
DRAMP20863,0.968,0.636,0.953,1
DRAMP21639,0.194,0.165,0.236,0
P0DPN3,0.062,0.5,0.135,0
DRAMP00573,0.998,0.961,0.983,1
DRAMP04072,0.891,0.818,0.874,1
AP01604,0.939,0.907,0.913,1
AP02467,0.939,0.366,0.93,1
P80647,0.634,0.42,0.464,1
A0A0A0MT70,0.066,0.037,0.137,0
DRAMP18613,0.874,0.492,0.183,1
S4R3P1,0.051,0.395,0.217,0
AP01640,0.921,0.911,0.59,1
DRAMP00902,0.994,0.934,0.925,1
AMPEP206,0.903,0.731,0.583,1
AP00240,0.931,0.957,0.598,1
DRAMP00884,0.981,0.922,0.908,1
P83507,0.154,0.677,0.108,1
P0DMA0,0.924,0.926,0.894,1
Q3E815,0.009,0.062,0.007,0
C0HJZ0,0.962,0.601,0.968,1
P84411,0.231,0.397,0.114,0
P82816,0.027,0.145,0.04,0
AMPEP499,0.836,0.5,0.77,1
AP03131,0.211,0.281,0.102,0
AP02947,0.952,0.933,0.986,1
Q58946,0.776,0.653,0.255,1
AP02933,0.402,0.593,0.063,1
DRAMP00374,0.831,0.875,0.794,1
Q9XY35,0.284,0.619,0.401,1
DRAMP00859,0.944,0.904,0.862,1
P39244,0.173,0.335,0.054,0
Q83P61,0.491,0.647,0.723,1
Q46JS5,0.239,0.46,0.072,0
DRAMP21051,0.982,0.945,0.949,1
AMPEP381,0.796,0.842,0.812,1
DRAMP01675,0.939,0.299,0.915,1
DRAMP02212,0.324,0.547,0.37,1
Q8L9H6,0.47,0.768,0.568,1
P82867,0,0.021,0.004,0
P0DSG0,0.371,0.183,0.14,0
AP02095,1,0.992,0.999,1
DRAMP00729,0.985,0.966,0.965,1
DRAMP01867,0.244,0.319,0.193,0
Q8MJT0,0.867,0.777,0.687,1
DRAMP21362,0.977,0.848,0.913,1
DRAMP02560,0.147,0.526,0.199,1
P48273,0.085,0.38,0.153,0
AP01639,0.952,0.927,0.93,1
C0HKY4,0.866,0.902,0.807,1
O34407,0.519,0.767,0.234,1
DRAMP03710,0.954,0.761,0.917,1
AP03079,0.966,0.931,0.972,1
AP02615,0.998,0.944,0.995,1
DRAMP02138,0.996,0.69,0.99,1
AMPEP199,0.189,0.138,0.061,0
P85328,0.105,0.112,0.042,0
DRAMP02155,0.022,0.317,0.066,0
AP02291,0.994,0.773,0.975,1
P0DPN4,0.224,0.47,0.152,0
P68573,0.436,0.611,0.619,1
C1P621,0.016,0.018,0.016,0
AMPEP302,0.96,0.722,0.908,1
AMPEP277,0.985,0.642,0.971,1
AP00493,0.255,0.302,0.229,0
P18922,0.115,0.348,0.068,0
AMPEP346,0.99,0.823,0.991,1
O97179,0.026,0.347,0.05,0
AP01401,0.997,0.76,0.964,1
P84539,0.009,0.065,0.013,0
P85956,0.846,0.576,0.375,1
DRAMP00521,0.983,0.909,0.983,1
Q9GFA4,0.075,0.479,0.291,0
AMPEP338,0.942,0.123,0.071,1
AP01261,0.655,0.837,0.804,1
DRAMP04269,0.974,0.551,0.959,1
DRAMP00371,0.995,0.872,0.959,1
DRAMP02107,0.327,0.596,0.331,1
O86239,0.103,0.404,0.105,0
DRAMP01316,0.331,0.349,0.299,0
AP00914,0.963,0.9,0.967,1
Q6TM71,0.348,0.438,0.2,0
B3A0L5,0.998,0.915,0.995,1
P41722,0.82,0.41,0.404,1
AMPEP97,0.945,0.722,0.807,1
AP00109,0.645,0.596,0.613,1
Q49KY1,0.157,0.141,0.207,0
AMPEP38,0.998,0.949,0.99,1
P24641,0.91,0.718,0.813,1
AP00042,0.996,0.977,0.995,1
DRAMP01806,0.961,0.575,0.908,1
AMPEP502,0.994,0.913,0.991,1
P84764,0.004,0.023,0.006,0
DRAMP04102,0.978,0.807,0.966,1
AP03117,0.921,0.5,0.892,1
O29646,0.093,0.18,0.063,0
AP02448,0.99,0.593,0.979,1
P84972,0.42,0.271,0.168,0
P82311,0.023,0.138,0.037,0
AP02997,0.918,0.878,0.919,1
B0M3B4,0.072,0.11,0.059,0
AMPEP171,0.956,0.919,0.976,1
P0A0M2,0.349,0.242,0.122,0
DRAMP18673,0.022,0.261,0.015,0
DRAMP01588,0.991,0.802,0.982,1
C0HJA6,0.008,0.02,0.006,0
Q3B7I2,0.099,0.23,0.152,0
P0DPV7,0.247,0.122,0.166,0
DRAMP03125,0.983,0.85,0.973,1
DRAMP00127,0.536,0.324,0.336,1
P12801,0.531,0.124,0.227,1
Q9CD20,0.009,0.054,0.014,0
P83168,0.226,0.143,0.074,0
P0CAR8,0.019,0.083,0.016,0
AP01190,0.957,0.914,0.914,1
O29636,0.021,0.13,0.017,0
AMPEP627,0.182,0.173,0.421,0
AP00529,0.983,0.58,0.874,1
AMPEP143,0.98,0.903,0.976,1
Q85FK4,0.043,0.166,0.061,0
P85875,0.781,0.5,0.746,1
AP02470,0.957,0.5,0.955,1
P59724,0.137,0.105,0.063,0
AP01832,0.398,0.242,0.58,1
Q8K459,0.102,0.479,0.038,0
AMPEP520,0.518,0.15,0.539,1
C0H3Y5,0.108,0.592,0.092,1
AP02277,0.993,0.703,0.966,1
P0C2K6,0.062,0.084,0.151,0
P73676,0.105,0.17,0.034,0
AP02052,0.87,0.103,0.482,1
P0DL85,0.903,0.961,0.81,1
P80008,0.032,0.042,0.016,0
DRAMP01656,0.939,0.551,0.853,1
B0R5L3,0.024,0.119,0.05,0
C0H3Q9,0.068,0.165,0.271,0
P81802,0.025,0.082,0.011,0
AP02217,0.539,0.665,0.416,1
DRAMP00819,0.996,0.96,0.99,1
P32763,0.12,0.274,0.063,0
P68124,0.109,0.082,0.15,0
P83155,0.022,0.579,0.016,1
DRAMP04268,0.997,0.85,0.992,1
DRAMP21417,0.786,0.752,0.516,1
DRAMP18118,0.69,0.207,0.2,1
DRAMP00722,0.982,0.859,0.901,1
C6Y4B0,0.405,0.18,0.369,0
DRAMP00121,0.969,0.814,0.937,1
DRAMP01267,0.755,0.5,0.655,1
Q9P9T3,0.337,0.535,0.226,1
P42988,0.362,0.109,0.046,0
P61933,0.881,0.768,0.922,1
P34068,0.236,0.148,0.041,0
B3EWW4,0.065,0.141,0.256,0
P0DTX2,0.982,0.958,0.765,1
Q31BZ4,0.016,0.239,0.077,0
P36231,0.114,0.102,0.077,0
AP02975,0.927,0.878,0.975,1
P68217,0.019,0.03,0.018,0
AP02090,0.827,0.886,0.748,1
D3ZT37,0.447,0.14,0.452,0
P9WLZ0,0.029,0.164,0.072,0
A8W7N1,0.011,0.039,0.01,0
Q35811,0.618,0.633,0.445,1
Q4G3B3,0.085,0.404,0.078,0
AP01517,0.998,0.894,0.995,1
DRAMP21311,0.592,0.931,0.245,1
DRAMP21327,0.755,0.537,0.369,1
Q6EYD6,0.066,0.5,0.247,0
AP01454,0.638,0.567,0.738,1
P83660,0.07,0.027,0.028,0
Q6MMK4,0.691,0.626,0.899,1
DRAMP04255,0.027,0.073,0.238,0
P84830,0.645,0.339,0.524,1
AP00357,0.672,0.907,0.848,1
DRAMP00693,0.422,0.507,0.488,1
AMPEP112,0.974,0.619,0.936,1
O31926,0.289,0.318,0.254,0
P83908,0.003,0.114,0.016,0
P58926,0.942,0.984,0.952,1
P0DMW3,0.023,0.134,0.052,0
DRAMP04217,0.491,0.464,0.299,0
AMPEP600,0.647,0.548,0.895,1
AP01749,0.987,0.952,0.992,1
B3EWV7,0.996,0.869,0.994,1
AMPEP146,0.863,0.585,0.299,1
AP03026,0.972,0.889,0.939,1
AP02785,0.88,0.857,0.636,1
AP02988,0.988,0.937,0.989,1
Q9BTK2,0.006,0.011,0.032,0
AMPEP577,0.997,0.843,0.971,1
O34605,0.108,0.39,0.233,0
P0DTR3,0.995,0.948,0.97,1
DRAMP00648,0.965,0.882,0.972,1
P85305,0.024,0.064,0.031,0
AP02184,0.056,0.023,0.039,0
P0DKN6,0.262,0.324,0.354,0
P03629,0.008,0.203,0.012,0
AP02955,0.935,0.62,0.728,1
P0DOZ6,0.039,0.061,0.033,0
DRAMP18430,0.976,0.938,0.982,1
B3EWW7,0.344,0.46,0.333,0
AMPEP388,0.973,0.928,0.992,1
P62767,0.198,0.129,0.091,0
P0DQJ2,0.305,0.474,0.583,1
AP01591,0.99,0.941,0.984,1
DRAMP01855,0.945,0.613,0.983,1
AP01618,0.939,0.665,0.495,1
A0A023IWM5,0.017,0.09,0.022,0
AP00400,0.013,0.027,0.029,0
C0HL40,0.857,0.877,0.877,1
Q25BH4,0.109,0.273,0.031,0
AP01198,0.21,0.192,0.083,0
Q9C8M4,0.443,0.41,0.258,0
Q83R06,0.633,0.778,0.59,1
AP01348,0.125,0.452,0.248,0
DRAMP21361,0.977,0.847,0.908,1
Q31LS7,0.613,0.689,0.304,1
P14552,0.327,0.074,0.059,0
P0C8I8,0.12,0.1,0.177,0
AMPEP598,0.021,0.33,0.065,0
AP02253,0.92,0.936,0.905,1
DRAMP03143,0.984,0.91,0.983,1
P17238,0.996,0.9,0.976,1
C0HKH5,0.988,0.878,0.853,1
DRAMP20894,0.9,0.807,0.906,1
Q9DAJ5,0.053,0.458,0.107,0
AMPEP17,0.996,0.931,0.99,1
Q02SH2,0.492,0.79,0.237,1
DRAMP21303,0.256,0.442,0.352,0
DRAMP04439,0.87,0.633,0.532,1
P75432,0.551,0.812,0.391,1
P50660,0.306,0.335,0.174,0
AMPEP655,0.993,0.956,0.976,1
P03676,0.009,0.039,0.009,0
P0ADE0,0.112,0.141,0.11,0
P85911,0.022,0.078,0.004,0
AP02944,0.301,0.396,0.477,0
AP02537,0.555,0.376,0.736,1
P85016,0.878,0.917,0.832,1
DRAMP00617,0.997,0.886,0.983,1
P01209,0.083,0.145,0.049,0
P85463,0.315,0.339,0.593,1
Q85FN5,0.064,0.321,0.131,0
B3A088,0.677,0.33,0.59,1
P0C2K4,0.011,0.06,0.004,0
AMPEP699,0.994,0.875,0.976,1
AMPEP509,0.996,0.94,0.991,1
P85910,0.229,0.075,0.047,0
P86708,0.048,0.064,0.046,0
P0CV91,0.011,0.09,0.008,0
AMPEP508,0.982,0.858,0.939,1
DRAMP00655,0.806,0.771,0.854,1
P38374,0.719,0.772,0.838,1
DRAMP00335,0.083,0.214,0.109,0
AMPEP409,0.999,0.977,0.995,1
AP00735,0.996,0.941,0.997,1
P0DMH4,0.229,0.441,0.231,0
A0A023W168,0.342,0.748,0.26,1
DRAMP04100,0.381,0.553,0.241,1
P80326,0.278,0.294,0.181,0
DRAMP18205,0.688,0.844,0.303,1
DRAMP18117,0.943,0.52,0.745,1
P0CH13,0.947,0.947,0.83,1
G2TRT6,0.126,0.354,0.272,0
DRAMP00463,0.995,0.958,0.994,1
P81663,0.037,0.18,0.018,0
P69752,0.807,0.909,0.762,1
DRAMP03234,0.649,0.644,0.864,1
P84376,0.26,0.083,0.221,0
DRAMP01537,0.592,0.773,0.684,1
P0CU62,0.054,0.249,0.019,0
P84890,0.5,0.722,0.325,1
P58023,0.03,0.064,0.018,0
Q7M3I8,0.012,0.043,0.015,0
AMPEP45,0.998,0.978,0.992,1
AP02896,0.024,0.155,0.029,0
AP01249,0.987,0.662,0.92,1
P82542,0.015,0.042,0.019,0
P81419,0.01,0.106,0.022,0
AMPEP413,0.977,0.837,0.915,1
DRAMP21323,0.756,0.949,0.281,1
DRAMP02541,0.282,0.734,0.245,1
A4ZU95,0.033,0.5,0.021,0
AMPEP492,0.307,0.598,0.203,1
Q9MS72,0.349,0.605,0.477,1
DRAMP00548,0.962,0.608,0.747,1
AP02564,0.99,0.858,0.995,1
DRAMP04488,0.992,0.831,0.939,1
DRAMP21001,0.972,0.944,0.981,1
Q9D3G9,0.977,0.973,0.964,1
DRAMP04107,0.947,0.716,0.901,1
B3EWV0,0.95,0.521,0.906,1
O83333,0.248,0.078,0.077,0
P56948,0.092,0.029,0.076,0
O83305,0.059,0.181,0.062,0
DRAMP01794,0.893,0.533,0.91,1
P85488,0.034,0.048,0.139,0
P0C5M8,0.09,0.144,0.093,0
DRAMP04292,0.954,0.11,0.088,1
DRAMP20860,0.923,0.571,0.869,1
C0HLB9,0.634,0.429,0.656,1
O74098,0.119,0.399,0.143,0
AMPEP67,0.967,0.967,0.971,1
DRAMP04443,0.993,0.943,0.996,1
DRAMP00855,0.963,0.923,0.964,1
AMPEP643,0.992,0.939,0.992,1
AMPEP437,0.894,0.922,0.842,1
DRAMP04096,0.356,0.483,0.082,0
P14112,0.083,0.693,0.065,1
P75202,0.858,0.809,0.749,1
AMPEP579,0.997,0.896,0.992,1
DRAMP03252,0.947,0.759,0.987,1
AMPEP202,0.57,0.234,0.467,1
Q8TGQ9,0.491,0.341,0.335,0
P0C8X7,0.993,0.962,0.99,1
C0HJY5,0.984,0.903,0.976,1
A5DYR5,0.901,0.905,0.838,1
P85932,0.103,0.581,0.069,1
O78433,0.017,0.254,0.064,0
Q91G40,0.16,0.417,0.132,0
Q33093,0.009,0.154,0.027,0
O31166,0.598,0.664,0.597,1
DRAMP21252,0.556,0.451,0.88,1
AP02026,0.939,0.904,0.318,1
Q9TKY6,0.028,0.099,0.033,0
DRAMP00513,0.99,0.933,0.978,1
DRAMP00681,0.992,0.913,0.974,1
P85440,0.009,0.084,0.022,0
AP00002,0.696,0.159,0.313,1
P83890,0.014,0.06,0.041,0
AP01758,0.265,0.108,0.528,1
P82299,0.32,0.355,0.157,0
Q5N553,0.108,0.155,0.081,0
P84577,0.088,0.248,0.028,0
AP00892,0.988,0.5,0.979,1
P44244,0.58,0.579,0.453,1
AP01364,0.947,0.836,0.93,1
AP02713,0.985,0.696,0.957,1
E0SGL8,0.896,0.867,0.81,1
AMPEP329,0.99,0.948,0.983,1
P13948,0.586,0.215,0.438,1
DRAMP04513,0.837,0.815,0.882,1
Q5JJD3,0.95,0.91,0.974,1
Q56348,0.063,0.171,0.057,0
AP00704,0.972,0.517,0.837,1
P0CAQ8,0.684,0.486,0.647,1
AMPEP572,0.35,0.298,0.179,0
AMPEP119,0.925,0.804,0.668,1
DRAMP18298,0.958,0.83,0.804,1
Q9Y9T9,0.909,0.66,0.936,1
P62564,0.606,0.656,0.366,1
DRAMP21035,0.729,0.623,0.208,1
DRAMP02502,0.991,0.92,0.962,1
P80670,0.93,0.678,0.738,1
Q05273,0.02,0.264,0.015,0
P81022,0.851,0.695,0.421,1
P23032,0.046,0.142,0.051,0
DRAMP21049,0.727,0.93,0.355,1
Q9TKY9,0.004,0.065,0.007,0
AP00647,0.974,0.873,0.99,1
DRAMP18418,0.99,0.877,0.962,1
AMPEP462,0.996,0.908,0.997,1
P80348,0.032,0.081,0.033,0
AP00224,0.947,0.912,0.954,1
DRAMP04708,0.996,0.888,0.994,1
P80732,0.007,0.032,0.019,0
P14461,0,0.015,0.003,0
P0CAN2,0.154,0.288,0.059,0
P84389,0.652,0.5,0.251,1
P85351,0.022,0.041,0.056,0
DRAMP21004,0.716,0.865,0.822,1
AP02936,0.859,0.878,0.91,1
AMPEP586,0.5,0.243,0.639,1
AMPEP392,0.934,0.648,0.792,1
AMPEP103,0.992,0.941,0.995,1
C0HJK5,0.995,0.982,0.988,1
P17235,0.98,0.818,0.989,1
DRAMP18605,0.951,0.71,0.84,1
P83213,0.773,0.636,0.518,1
P28779,0.439,0.931,0.642,1
P35141,0.89,0.595,0.881,1
Q85FM6,0.118,0.166,0.083,0
DRAMP21050,0.95,0.933,0.938,1
P83910,0.942,0.892,0.972,1
P29134,0.23,0.211,0.087,0
A6UWW7,0.448,0.669,0.276,1
P85353,0.63,0.105,0.435,1
Q25BI5,0.174,0.356,0.167,0
Q7M3T3,0.481,0.185,0.553,1
AP02165,0.99,0.88,0.957,1
B3EWU3,0.979,0.536,0.916,1
P80614,0.162,0.05,0.023,0
DRAMP00252,0.044,0.096,0.089,0
AP03078,0.997,0.959,0.997,1
O06873,0.938,0.874,0.836,1
AP02506,0.99,0.952,0.989,1
DRAMP04241,0.945,0.193,0.163,1
Q04938,0.056,0.128,0.123,0
Q5K3T5,0.126,0.133,0.21,0
O19912,0.127,0.288,0.422,0
AMPEP740,0.994,0.945,0.962,1
P83761,0.016,0.331,0.01,0
Q2PMU0,0.13,0.332,0.102,0
P83359,0.133,0.199,0.171,0
P03040,0.807,0.841,0.866,1
AMPEP531,0.991,0.892,0.96,1
Q31QE1,0.049,0.437,0.125,0
P82338,0.009,0.125,0.039,0
AP01200,0.899,0.489,0.5,1
AMPEP720,0.027,0.099,0.461,0
C0HJJ8,0.029,0.071,0.044,0
DRAMP02521,0.989,0.915,0.977,1
Q85BU5,0.606,0.229,0.305,1
DRAMP01708,0.098,0.279,0.096,0
P82256,0.344,0.089,0.124,0
AMPEP354,0.982,0.821,0.938,1
Q8TGR1,0.381,0.453,0.479,0
P20034,0.024,0.045,0.025,0
DRAMP00358,0.939,0.865,0.965,1
Q01900,0.287,0.535,0.608,1
AP00853,0.986,0.67,0.709,1
DRAMP00719,0.986,0.716,0.966,1
AP00457,0.995,0.901,0.994,1
P25937,0,0.02,0,0
P0DKX1,0.261,0.349,0.168,0
P83116,0.034,0.092,0.039,0
AMPEP364,0.99,0.826,0.956,1
Q04680,0.126,0.414,0.129,0
AMPEP475,0.997,0.979,0.994,1
DRAMP00043,0.931,0.575,0.813,1
P83148,0.648,0.493,0.361,1
AMPEP759,0.957,0.919,0.961,1
P0DSL1,0.919,0.684,0.942,1
A3EXD5,0.272,0.374,0.077,0
DRAMP02895,0.986,0.938,0.951,1
P20744,0.937,0.906,0.843,1
Q54DZ6,0.482,0.452,0.121,0
DRAMP00887,0.985,0.921,0.915,1
P59683,0.463,0.361,0.588,1
P54165,0.789,0.288,0.745,1
DRAMP21187,0.451,0.688,0.224,1
AP02402,0.866,0.486,0.577,1
DRAMP04299,0.103,0.633,0.054,1
DRAMP00677,0.998,0.977,0.992,1
P86238,0,0.03,0.023,0
P0DJC3,0.94,0.917,0.852,1
C1P5Z9,0.119,0.551,0.128,1
AP02059,0.976,0.353,0.985,1
AP00595,0.996,0.849,0.993,1
AMPEP680,0.992,0.948,0.978,1
DRAMP01605,0.31,0.338,0.08,0
P74149,0.024,0.229,0.026,0
DRAMP02527,0.529,0.856,0.611,1
Q197B7,0.898,0.772,0.958,1
P0DP00,0.305,0.352,0.202,0
P86215,0.012,0.102,0.066,0
Q9AA08,0.114,0.185,0.036,0
Q74M50,0.283,0.738,0.395,1
AP00734,0.729,0.861,0.921,1
AP00282,0.992,0.937,0.97,1
DRAMP21343,0.594,0.728,0.417,1
P0DSE9,0.298,0.506,0.466,1
P81727,0.969,0.856,0.945,1
A6X992,0.414,0.617,0.431,1
P83127,0.135,0.235,0.036,0
P58094,0.029,0.438,0.037,0
P86271,0.998,0.925,0.998,1
AP02968,0.959,0.735,0.892,1
P37799,0.908,0.907,0.797,1
P0DSG4,0.829,0.459,0.891,1
AMPEP187,0.939,0.779,0.949,1
P80843,0.637,0.108,0.458,1
AP03091,0.917,0.939,0.794,1
P58689,0.464,0.411,0.172,0
AP02939,0.993,0.936,0.986,1
C0H3R9,0.693,0.689,0.432,1
A0A023IWE3,0.018,0.19,0.015,0
AP01788,0.935,0.904,0.921,1
Q44856,0.509,0.746,0.348,1
DRAMP21235,0.746,0.941,0.219,1
DRAMP02512,0.049,0.214,0.032,0
P85396,0.041,0.076,0.01,0
B3EWM6,0.642,0.248,0.751,1
Q04776,0.082,0.167,0.181,0
P0DPW9,0.806,0.477,0.652,1
DRAMP01323,0.032,0.254,0.088,0
AP02365,0.977,0.816,0.973,1
AP03051,0.27,0.144,0.252,0
AP00772,0.992,0.91,0.992,1
DRAMP00004,0.739,0.245,0.761,1
Q914K9,0.111,0.678,0.044,1
Q3E7Z4,0.946,0.778,0.828,1
P20016,0.836,0.295,0.689,1
P64460,0.181,0.225,0.062,0
AP02480,0.791,0.146,0.318,1
AP00097,0.87,0.511,0.859,1
DRAMP04626,0.994,0.872,0.994,1
A7M959,0.053,0.113,0.081,0
DRAMP00918,0.994,0.929,0.982,1
Q9HYR3,0.928,0.884,0.853,1
DRAMP00362,0.995,0.975,0.996,1
DRAMP01916,0.842,0.473,0.917,1
P82453,0.018,0.051,0.016,0
DRAMP00945,0.998,0.865,0.993,1
O28520,0.059,0.391,0.119,0
AP02700,0.949,0.933,0.964,1
AP03038,0.991,0.859,0.991,1
P86115,0.999,0.845,0.988,1
DRAMP18210,0.804,0.887,0.627,1
AMPEP159,0.706,0.174,0.333,1
B1L6R7,0.342,0.634,0.147,1
DRAMP01054,0.941,0.942,0.977,1
DRAMP03356,0.936,0.944,0.83,1
AP02692,0.959,0.771,0.972,1
C0HJC8,0.044,0.064,0.021,0
AP00296,0.984,0.899,0.988,1
AP01346,0.947,0.862,0.973,1
P35644,0.797,0.358,0.759,1
AMPEP61,0.468,0.138,0.116,0
AMPEP451,0.903,0.563,0.94,1
P64620,0.042,0.315,0.021,0
DRAMP00629,0.88,0.51,0.786,1
P0DPO9,0.049,0.112,0.148,0
DRAMP00792,0.99,0.972,0.988,1
DRAMP03324,0.01,0.296,0.011,0
P03779,0.305,0.276,0.573,1
AMPEP118,0.987,0.948,0.968,1
AP02058,0.997,0.916,0.993,1
DRAMP04227,0.989,0.961,0.989,1
P15413,0.105,0.255,0.058,0
AMPEP427,0.064,0.063,0.029,0
DRAMP00728,0.997,0.971,0.996,1
P84821,0.119,0.475,0.192,0
DRAMP00613,0.99,0.908,0.987,1
AMPEP440,0.937,0.62,0.958,1
P0DSG1,0.294,0.179,0.093,0
P85444,0.391,0.231,0.358,0
AP00164,0.939,0.799,0.939,1
P85568,0.095,0.054,0.143,0
P83454,0.011,0.014,0.02,0
Q3I5I5,0.293,0.5,0.219,0
DRAMP21094,0.736,0.837,0.377,1
DRAMP02524,0.489,0.788,0.537,1
AP01311,0.983,0.532,0.968,1
AMPEP69,0.959,0.785,0.937,1
C1P615,0.174,0.326,0.188,0
AMPEP21,0.998,0.985,0.998,1
DRAMP04624,0.978,0.669,0.973,1
DRAMP01060,0.03,0.171,0.116,0
DRAMP00334,0.273,0.567,0.202,1
P07552,0.138,0.344,0.117,0
O05524,0.385,0.695,0.349,1
P0DMB7,0.04,0.045,0.053,0
A3PDZ2,0.505,0.532,0.2,1
DRAMP02547,0.222,0.76,0.374,1
P80072,0.744,0.669,0.284,1
DRAMP02151,0.099,0.173,0.051,0
Q86SY8,0.153,0.335,0.046,0
P0ADE2,0.601,0.835,0.739,1
DRAMP04478,0.563,0.452,0.266,1
AMPEP337,0.987,0.896,0.99,1
DRAMP21372,0.958,0.913,0.898,1
P43967,0.739,0.82,0.91,1
P21988,0.102,0.313,0.1,0
P9WJ54,0.014,0.14,0.021,0
AP03088,0.935,0.574,0.872,1
AMPEP306,0.917,0.902,0.929,1
B3EWI3,0.038,0.127,0.02,0
DRAMP04206,0.782,0.684,0.5,1
Q86H39,0.146,0.471,0.352,0
DRAMP21306,0.854,0.877,0.152,1
AMPEP170,0.998,0.977,0.994,1
DRAMP02126,0.575,0.395,0.313,1
Q06J35,0.939,0.831,0.878,1
DRAMP18426,0.997,0.664,0.908,1
P84266,0.672,0.279,0.171,1
B3EWP2,0.039,0.112,0.076,0
AP02148,0.955,0.902,0.936,1
O34429,0.386,0.722,0.714,1
AMPEP640,0.988,0.967,0.971,1
AP01553,0.999,0.964,0.997,1
AMPEP243,0.997,0.937,0.99,1
AMPEP433,0.992,0.836,0.969,1
AP02665,0.126,0.478,0.068,0
P85740,0.244,0.172,0.441,0
DRAMP21228,0.974,0.893,0.951,1
AP02892,0.617,0.227,0.461,1
P85818,0.291,0.426,0.174,0
P48109,0,0.061,0.01,0
P84654,0.538,0.082,0.41,1
DRAMP01923,0.859,0.608,0.941,1
AP02088,0.946,0.876,0.972,1
B1H3G4,0.94,0.69,0.854,1
DRAMP18640,0.952,0.798,0.864,1
C1P608,0.188,0.384,0.233,0
P44283,0.038,0.078,0.028,0
A8JR14,0.863,0.6,0.698,1
P84851,0.008,0.037,0.024,0
DRAMP18351,0.354,0.475,0.204,0
P26983,0.525,0.779,0.384,1
P13313,0.235,0.553,0.215,1
O34791,0.185,0.604,0.14,1
AP03054,0.839,0.511,0.769,1
AP01380,0.996,0.98,0.993,1
DRAMP04068,0.912,0.637,0.715,1
O88430,0.644,0.9,0.658,1
AP01398,0.098,0.078,0.128,0
DRAMP01714,0.082,0.243,0.067,0
AMPEP504,0.989,0.851,0.896,1
AMPEP506,0.649,0.641,0.361,1
P80926,0.259,0.186,0.341,0
AP01419,0.999,0.956,0.992,1
AP01425,0.96,0.389,0.929,1
P14459,0.006,0.035,0.009,0
DRAMP04055,0.856,0.648,0.679,1
P10428,0.366,0.207,0.5,0
P03978,0.924,0.944,0.891,1
P0DL04,0.645,0.144,0.321,1
P86262,0.982,0.985,0.973,1
AMPEP232,0.422,0.107,0.044,0
AP00182,0.959,0.683,0.976,1
Q8X3T7,0.259,0.262,0.225,0
AMPEP608,0.942,0.842,0.971,1
C0HJG8,0.05,0.601,0.079,1
P0C2K0,0.041,0.078,0.019,0
P85856,0.414,0.132,0.202,0
DRAMP00147,0.971,0.705,0.86,1
DRAMP21076,0.824,0.769,0.852,1
AP03156,0.887,0.442,0.703,1
DRAMP18375,0.949,0.838,0.907,1
DRAMP21054,0.973,0.963,0.969,1
DRAMP00669,0.986,0.706,0.934,1
Q3E746,0.287,0.378,0.387,0
DRAMP03563,0.777,0.701,0.73,1
DRAMP02649,0.278,0.554,0.233,1
P0DUG4,0.931,0.408,0.836,1
P85898,0.743,0.699,0.408,1
AMPEP761,0.795,0.904,0.605,1
DRAMP18690,0.899,0.468,0.724,1
P21886,0.229,0.115,0.112,0
P21790,0.525,0.31,0.123,1
P0DPP0,0.359,0.563,0.211,1
AP02750,0.714,0.864,0.883,1
Q9GZV9,0.996,0.939,0.989,1
A0A3G6IHA6,0.961,0.813,0.961,1
P86463,0.99,0.831,0.958,1
P0DSF3,0.267,0.088,0.066,0
DRAMP04440,0.999,0.96,0.996,1
DRAMP04137,0.176,0.603,0.117,1
P0CW23,0.072,0.654,0.065,1
P81666,0.077,0.306,0.032,0
P84557,0.018,0.079,0.023,0
P01069,0.962,0.804,0.824,1
P0C1X0,0.989,0.973,0.963,1
P16939,0.038,0.372,0.14,0
DRAMP18145,0.993,0.952,0.986,1
P0C1C9,0.989,0.899,0.967,1
AP00151,0.965,0.92,0.953,1
P0CU22,0.417,0.859,0.421,1
P83072,0.913,0.672,0.961,1
C0HKW7,0.956,0.798,0.848,1
DRAMP01890,0.986,0.929,0.993,1
P80802,0.389,0.328,0.694,1
DRAMP03376,0.96,0.693,0.909,1
P86134,0.721,0.516,0.425,1
DRAMP01383,0.22,0.173,0.395,0
DRAMP03141,0.991,0.749,0.993,1
AP01625,0.944,0.868,0.942,1
P84478,0.217,0.226,0.168,0
DRAMP21360,0.975,0.844,0.897,1
DRAMP04051,0.901,0.486,0.627,1
P85237,0.964,0.591,0.789,1
AMPEP164,0.889,0.283,0.935,1
P14534,0.987,0.835,0.986,1
P0DSL6,0.989,0.957,0.988,1
AP00887,0.999,0.865,0.999,1
C0H3Y2,0.191,0.268,0.101,0
AP02908,0.677,0.059,0.405,1
P0C901,0.247,0.324,0.197,0
P36441,0.019,0.114,0.06,0
AP02859,0.986,0.953,0.988,1
P11495,0.992,0.719,0.975,1
AP02610,0.352,0.33,0.769,1
AMPEP420,0.629,0.582,0.425,1
Q4I7T5,0.964,0.911,0.978,1
Q51946,0.086,0.38,0.069,0
AP02814,0.981,0.679,0.98,1
DRAMP21329,0.821,0.341,0.185,1
DRAMP18245,0.81,0.17,0.484,1
P0CJ73,0.026,0.02,0.042,0
AP01298,0.488,0.206,0.716,1
O32302,0.406,0.577,0.508,1
DRAMP03782,0.991,0.988,0.972,1
DRAMP04209,0.903,0.659,0.428,1
P35096,0.034,0.268,0.009,0
AP02690,0.915,0.935,0.892,1
AP02989,0.997,0.899,0.996,1
Q9PQL4,0.212,0.513,0.666,1
AMPEP387,0.984,0.885,0.944,1
AMPEP456,0.852,0.891,0.921,1
P83009,0.122,0.214,0.233,0
DRAMP04257,0.993,0.741,0.98,1
B3EWM9,0.617,0.315,0.347,1
AP01415,0.985,0.911,0.991,1
AMPEP385,0.964,0.866,0.978,1
P21587,0.017,0.017,0.011,0
P80705,0.027,0.052,0.014,0
DRAMP00142,0.98,0.632,0.931,1
DRAMP04295,0.152,0.278,0.24,0
DRAMP18627,0.938,0.149,0.181,1
DRAMP03696,0.705,0.576,0.772,1
DRAMP21151,0.608,0.95,0.804,1
DRAMP02160,0.059,0.1,0.051,0
AMPEP259,0.98,0.8,0.967,1
O21950,0.87,0.622,0.859,1
AP01882,0.991,0.93,0.979,1
B3EWX2,0.447,0.219,0.047,0
P81499,1,0.975,0.997,1
Q5F881,0.03,0.5,0.067,0
DRAMP00282,0.985,0.792,0.962,1
AP01701,0.413,0.589,0.169,1
Q91FU5,0.132,0.474,0.104,0
P15970,0.776,0.575,0.385,1
DRAMP21229,0.957,0.756,0.823,1
P47579,0.96,0.96,0.94,1
Q09097,0.393,0.259,0.276,0
Q9BWJ2,0.006,0.101,0.019,0
DRAMP02408,0.567,0.445,0.685,1
AMPEP30,0.992,0.916,0.982,1
DRAMP03450,0.977,0.931,0.931,1
P37138,0.053,0.203,0.124,0
DRAMP00606,0.984,0.851,0.934,1
P85438,0.027,0.095,0.111,0
DRAMP00125,0.967,0.719,0.801,1
A0A2K4Z9K4,0.441,0.576,0.649,1
P80091,0.078,0.093,0.031,0
AMPEP674,0.994,0.894,0.983,1
AMPEP185,0.952,0.738,0.961,1
AMPEP258,0.993,0.89,0.984,1
AP02951,0.318,0.35,0.051,0
AMPEP695,0.866,0.353,0.685,1
AMPEP99,0.983,0.722,0.959,1
P83598,0.044,0.123,0.026,0
B3A0E7,0.079,0.089,0.128,0
P80766,0.243,0.138,0.153,0
P0DUJ4,0.984,0.828,0.99,1
DRAMP21189,0.984,0.834,0.963,1
P54558,0.32,0.569,0.223,1
DRAMP21153,0.822,0.825,0.549,1
O29047,0.066,0.379,0.078,0
Q9MUQ7,0.152,0.318,0.222,0
P75688,0.135,0.289,0.056,0
DRAMP04692,0.034,0.359,0.023,0
P0CJ23,0.008,0.038,0.006,0
DRAMP00618,0.984,0.873,0.922,1
DRAMP02603,0.444,0.268,0.331,0
P14310,0.122,0.361,0.442,0
Q9BN11,0.991,0.723,0.964,1
C1P620,0.022,0.051,0.022,0
P68478,0.164,0.403,0.114,0
P51411,0.332,0.351,0.1,0
DRAMP03926,0.298,0.407,0.612,1
Q83096,0.015,0.094,0.014,0
P85904,0.028,0.684,0.096,1
AP01673,0.973,0.938,0.902,1
Q53226,0.947,0.944,0.93,1
AMPEP212,0.928,0.372,0.792,1
P0DPK7,0.969,0.966,0.914,1
A0A125S9F0,0.74,0.564,0.681,1
P81874,0.299,0.159,0.189,0
AP02242,0.999,0.934,0.992,1
DRAMP21319,0.743,0.467,0.511,1
P83576,0.285,0.299,0.304,0
AMPEP638,0.697,0.693,0.92,1
AMPEP630,0.946,0.663,0.935,1
AMPEP372,0.998,0.937,0.989,1
DRAMP18484,0.825,0.635,0.437,1
DRAMP00491,0.993,0.77,0.963,1
P22584,0.465,0.687,0.435,1
P29969,0.032,0.17,0.078,0
P82005,0.049,0.114,0.057,0
P41334,0.067,0.331,0.103,0
AMPEP165,0.999,0.896,0.998,1
C0H411,0.229,0.508,0.441,1
P0C1V3,0.021,0.41,0.019,0
C1P610,0.524,0.649,0.494,1
P32696,0.174,0.633,0.19,1
P84212,0.246,0.47,0.219,0
DRAMP20893,0.911,0.812,0.924,1
DRAMP00841,0.894,0.885,0.814,1
P77091,0.171,0.42,0.218,0
P80636,0.039,0.045,0.065,0
AP00456,0.955,0.71,0.985,1
P58807,0.952,0.978,0.907,1
B3EWX9,0.977,0.725,0.889,1
DRAMP00791,0.972,0.904,0.887,1
P39433,0.01,0.033,0.026,0
A0QZZ6,0.431,0.619,0.165,1
B3EWI0,0.142,0.162,0.051,0
DRAMP00340,0.637,0.688,0.92,1
P86508,0.169,0.427,0.191,0
D3VC10,0.227,0.212,0.676,1
P0ADU3,0.282,0.516,0.248,1
DRAMP04699,0.911,0.678,0.848,1
AP00266,0.987,0.918,0.996,1
DRAMP02139,0.922,0.483,0.93,1
AMPEP327,0.996,0.984,0.986,1
DRAMP00328,0.321,0.791,0.472,1
P58841,0.92,0.945,0.795,1
P68121,0.029,0.022,0.052,0
DRAMP21460,0.861,0.895,0.604,1
P35018,0.188,0.751,0.318,1
AP02647,0.917,0.667,0.939,1
S4R3Y5,0.005,0.171,0.016,0
D6C4J9,0.96,0.679,0.713,1
DRAMP02565,0.439,0.5,0.379,0
P0C351,0.974,0.899,0.878,1
AP02809,0.949,0.934,0.983,1
DRAMP00657,0.898,0.781,0.834,1
DRAMP21091,0.956,0.946,0.933,1
P85789,0.108,0.064,0.152,0
AP03164,0.997,0.899,0.998,1
Q1RH68,0.877,0.937,0.814,1
AP01455,0.96,0.875,0.961,1
P84852,0.564,0.448,0.703,1
DRAMP00259,0.296,0.193,0.078,0
P24744,0.047,0.101,0.035,0
P80772,0.177,0.207,0.576,1
P23985,0.021,0.148,0.019,0
DRAMP02898,0.347,0.658,0.237,1
C0H3Q7,0.414,0.434,0.179,0
AP02417,0.161,0.193,0.366,0
AP03153,0.5,0.32,0.752,1
Q8TGN8,0.087,0.055,0.057,0
P0C1V8,0.973,0.923,0.902,1
P30255,0.209,0.173,0.339,0
AMPEP375,0.985,0.83,0.934,1
P80629,0.221,0.448,0.074,0
DRAMP03668,0.996,0.964,0.982,1
P14479,0.117,0.075,0.064,0
DRAMP04687,0.048,0.291,0.017,0
AP01633,0.727,0.532,0.54,1
AP02970,0.923,0.587,0.778,1
B3EWM8,0.819,0.638,0.47,1
B3DXV4,0.438,0.688,0.72,1
Q9R4Y1,0.65,0.296,0.367,1
AMPEP20,1,0.99,0.999,1
P81082,0.75,0.47,0.181,1
P49834,0.296,0.909,0.331,1
P85099,0.009,0.097,0.023,0
AP00894,0.898,0.35,0.208,1
O78499,0.584,0.72,0.555,1
Q8TGP0,0.169,0.201,0.196,0
DRAMP04409,0.134,0.361,0.203,0
AMPEP230,0.981,0.92,0.817,1
P03056,0.58,0.442,0.103,1
P35634,0.118,0.433,0.284,0
A6X972,0.12,0.275,0.076,0
P83725,0.448,0.214,0.29,0
DRAMP18419,0.997,0.932,0.99,1
AP01521,0.947,0.781,0.92,1
Q3E819,0.076,0.158,0.097,0
U5L3X0,0,0.021,0,0
DRAMP21333,0.773,0.747,0.275,1
DRAMP00896,0.965,0.87,0.741,1
AP00662,0.998,0.758,0.997,1
Q9SJ81,0.984,0.918,0.958,1
DRAMP01336,0.803,0.636,0.862,1
P86059,0.107,0.251,0.09,0
P86114,0.042,0.279,0.064,0
Q99J19,0.328,0.624,0.708,1
Q8BB12,0.758,0.708,0.718,1
P83077,0.933,0.784,0.839,1
AMPEP89,0.972,0.876,0.981,1
DRAMP21375,0.982,0.862,0.979,1
AMPEP497,0.881,0.108,0.355,1
P27067,0.526,0.038,0.159,1
A7M8Z5,0.025,0.129,0.036,0
Q7U5H9,0.121,0.203,0.037,0
P69392,0.817,0.819,0.931,1
O78452,0.5,0.837,0.348,1
AP02436,1,0.987,1,1
AP00927,0.621,0.208,0.117,1
C0HJF9,0.008,0.22,0.025,0
P85951,0.066,0.151,0.109,0
P04567,0.977,0.785,0.97,1
P84542,0.026,0.079,0.043,0
AP02113,0.985,0.699,0.974,1
AMPEP371,0.998,0.965,0.993,1
DRAMP00679,0.904,0.697,0.863,1
AP00440,0.989,0.973,0.975,1
Q85AJ9,0.069,0.258,0.067,0
Q8TGP2,0.288,0.264,0.203,0
DRAMP00894,0.983,0.914,0.946,1
DRAMP21635,0.281,0.125,0.369,0
AMPEP27,0.789,0.354,0.53,1
P86712,0.5,0.284,0.103,0
P0C393,0.115,0.214,0.232,0
P0C7S3,0.032,0.048,0.052,0
Q3E837,0.009,0.047,0.055,0
P0C8J1,0.188,0.111,0.133,0
DRAMP03298,0.983,0.926,0.986,1
B2B9D9,0.316,0.55,0.337,1
DRAMP00292,0.99,0.877,0.98,1
AP03021,0.998,0.979,0.994,1
DRAMP04377,0.976,0.828,0.952,1
AP01968,0.862,0.303,0.867,1
DRAMP00330,0.067,0.133,0.068,0
AP01405,0.939,0.55,0.629,1
AMPEP452,0.987,0.85,0.938,1
AMPEP652,0.998,0.928,0.993,1
P14450,0.038,0.063,0.037,0
A0A023IWD9,0.053,0.249,0.036,0
DRAMP02003,0.967,0.71,0.985,1
Q6SLE7,0.003,0.047,0,0
P38437,0.191,0.109,0.413,0
DRAMP00946,0.998,0.989,0.987,1
P0DJN5,0.352,0.677,0.384,1
P16485,0.029,0.085,0.084,0
DRAMP01240,0.545,0.708,0.374,1
AP01176,0.548,0.291,0.647,1
A8W7P2,0.03,0.287,0.034,0
P0C8J5,0.805,0.606,0.769,1
A0A0J9YXM7,0.01,0.032,0.022,0
AP01470,0.992,0.914,0.996,1
P86125,0.807,0.752,0.874,1
AP00383,0.994,0.906,0.989,1
Q57554,0.98,0.875,0.936,1
DRAMP18143,0.024,0.185,0.023,0
P56811,0.493,0.803,0.466,1
P85614,0.366,0.069,0.307,0
AP03080,0.651,0.836,0.775,1
DRAMP04190,0.905,0.222,0.316,1
P82695,0.005,0.045,0.011,0
DRAMP20892,0.935,0.804,0.923,1
Q45966,0.594,0.266,0.232,1
DRAMP00161,0.992,0.707,0.855,1
DRAMP00311,0.808,0.43,0.549,1
AMPEP711,0.993,0.841,0.956,1
DRAMP03684,0.782,0.687,0.822,1
B9M837,0.575,0.791,0.452,1
P05391,0.016,0.109,0.008,0
AP00278,0.983,0.95,0.943,1
DRAMP01681,0.963,0.8,0.946,1
Q58721,0.524,0.634,0.406,1
DRAMP21415,0.969,0.702,0.953,1
AMPEP611,0.987,0.835,0.971,1
DRAMP03865,0.789,0.792,0.44,1
DRAMP00266,0.021,0.049,0.104,0
P0DL68,0.852,0.546,0.441,1
AP02516,0.352,0.237,0.584,1
DRAMP04373,1,0.956,0.999,1
P83537,0.054,0.042,0.032,0
AMPEP582,0.999,0.931,0.991,1
DRAMP21145,0.76,0.768,0.366,1
B3A0I9,0,0.054,0.004,0
P18383,0.04,0.237,0.023,0
A6YG99,0.03,0.132,0.035,0
AMPEP256,0.996,0.972,0.992,1
AP03067,0.961,0.736,0.945,1
P85303,0.014,0.15,0.006,0
AMPEP400,0.82,0.53,0.153,1
A0A2K4Z9G8,0.645,0.526,0.489,1
C0HL15,0.995,0.984,0.976,1
P26913,0.831,0.288,0.657,1
P0C5P2,0.057,0.077,0.119,0
P0CJ72,0.016,0.04,0.085,0
DRAMP00678,0.994,0.974,0.988,1
O28197,0.088,0.293,0.07,0
DRAMP00743,0.947,0.834,0.886,1
A8XLL0,0.055,0.159,0.092,0
AMPEP405,0.421,0.456,0.168,0
AP00516,0.928,0.57,0.972,1
DRAMP00561,0.986,0.809,0.995,1
C1P607,0.176,0.285,0.238,0
P82329,0.007,0.017,0.008,0
B0R9L8,0.195,0.187,0.082,0
DRAMP00813,0.989,0.929,0.942,1
AMPEP96,0.998,0.99,0.998,1
Q97FL0,0.163,0.573,0.184,1
AP03165,0.987,0.751,0.994,1
O28095,0.201,0.542,0.17,1
DRAMP00850,0.99,0.882,0.795,1
P21680,0.359,0.619,0.247,1
AP00839,0.946,0.655,0.928,1
AP02582,0.915,0.691,0.53,1
DRAMP02554,0.35,0.714,0.671,1
P0DPP1,0.098,0.1,0.105,0
Q05258,0.015,0.069,0.018,0
P85608,0.251,0.037,0.226,0
AP00289,0.99,0.808,0.982,1
AMPEP319,0.998,0.975,0.981,1
AP01128,0.997,0.871,0.992,1
DRAMP18338,0.902,0.894,0.54,1
AP02938,0.703,0.246,0.333,1
P03884,0.104,0.327,0.078,0
P30802,0.202,0.127,0.172,0
P81586,0.027,0.135,0.013,0
G0W2H7,0.937,0.936,0.918,1
P85336,0.154,0.33,0.534,1
DRAMP21373,0.997,0.953,0.994,1
AP03050,0.874,0.938,0.894,1
Q91FS3,0.162,0.519,0.097,1
AMPEP80,0.945,0.707,0.813,1
AMPEP65,0.987,0.852,0.91,1
AMPEP516,0.278,0.077,0.074,0
DRAMP00563,0.994,0.905,0.971,1
DRAMP18317,0.996,0.904,0.986,1
P84619,0.471,0.323,0.39,0
DRAMP04306,0.922,0.701,0.749,1
DRAMP02206,0.302,0.42,0.21,0
DRAMP21194,0.925,0.748,0.842,1
DRAMP01859,0.99,0.561,0.993,1
P85274,0.495,0.703,0.487,1
AMPEP448,0.065,0.426,0.05,0
P41699,0.202,0.508,0.569,1
P86544,0.108,0.118,0.06,0
P0C1M9,0.971,0.972,0.938,1
P86240,0.008,0.033,0.021,0
AMPEP443,0.997,0.94,0.985,1
P0ADF0,0.212,0.115,0.105,0
Q2JWK3,0.003,0.078,0.004,0
O31417,0.092,0.699,0.17,1
AP00098,0.993,0.867,0.995,1
DRAMP01876,0.991,0.758,0.991,1
